{
  "@type" : "TEMPLATE",
  "uid" : "0c954f21-9d17-4121-961c-2d482b720794",
  "description" : {
    "@type" : "RESOURCE_DESCRIPTION",
    "originalAuthor" : {
      "date" : "2020-03-20"
    },
    "otherContributors" : [ ],
    "lifecycleState" : {
      "codeString" : "unmanaged"
    },
    "ipAcknowledgements" : { },
    "references" : { },
    "conversionDetails" : { },
    "otherDetails" : {
      "licence" : "This work is licensed under the Creative Commons Attribution-ShareAlike 4.0 International License. To view a copy of this license, visit http://creativecommons.org/licenses/by-sa/4.0/.",
      "custodian_organisation" : "openEHR Foundation",
      "original_namespace" : "org.openehr",
      "original_publisher" : "openEHR Foundation",
      "custodian_namespace" : "org.openehr",
      "MD5-CAM-1.0.1" : "fa73e398a96d73dba7f06d02eb2e9514",
      "PARENT:MD5-CAM-1.0.1" : "15173A4BF38FA171E47BBE704F3E0940"
    },
    "details" : {
      "sv" : {
        "@type" : "RESOURCE_DESCRIPTION_ITEM",
        "language" : {
          "terminologyId" : {
            "value" : "ISO_639-1"
          },
          "codeString" : "sv"
        },
        "keywords" : [ ],
        "originalResourceUri" : { },
        "otherDetails" : { }
      },
      "ko" : {
        "@type" : "RESOURCE_DESCRIPTION_ITEM",
        "language" : {
          "terminologyId" : {
            "value" : "ISO_639-1"
          },
          "codeString" : "ko"
        },
        "keywords" : [ ],
        "originalResourceUri" : { },
        "otherDetails" : { }
      },
      "es-ar" : {
        "@type" : "RESOURCE_DESCRIPTION_ITEM",
        "language" : {
          "terminologyId" : {
            "value" : "ISO_639-1"
          },
          "codeString" : "es-ar"
        },
        "keywords" : [ ],
        "originalResourceUri" : { },
        "otherDetails" : { }
      },
      "pt-br" : {
        "@type" : "RESOURCE_DESCRIPTION_ITEM",
        "language" : {
          "terminologyId" : {
            "value" : "ISO_639-1"
          },
          "codeString" : "pt-br"
        },
        "keywords" : [ ],
        "originalResourceUri" : { },
        "otherDetails" : { }
      },
      "en" : {
        "@type" : "RESOURCE_DESCRIPTION_ITEM",
        "language" : {
          "terminologyId" : {
            "value" : "ISO_639-1"
          },
          "codeString" : "en"
        },
        "keywords" : [ ],
        "originalResourceUri" : { },
        "otherDetails" : { }
      },
      "ar-sy" : {
        "@type" : "RESOURCE_DESCRIPTION_ITEM",
        "language" : {
          "terminologyId" : {
            "value" : "ISO_639-1"
          },
          "codeString" : "ar-sy"
        },
        "keywords" : [ ],
        "originalResourceUri" : { },
        "otherDetails" : { }
      },
      "nl" : {
        "@type" : "RESOURCE_DESCRIPTION_ITEM",
        "language" : {
          "terminologyId" : {
            "value" : "ISO_639-1"
          },
          "codeString" : "nl"
        },
        "keywords" : [ ],
        "originalResourceUri" : { },
        "otherDetails" : { }
      },
      "es" : {
        "@type" : "RESOURCE_DESCRIPTION_ITEM",
        "language" : {
          "terminologyId" : {
            "value" : "ISO_639-1"
          },
          "codeString" : "es"
        },
        "keywords" : [ ],
        "originalResourceUri" : { },
        "otherDetails" : { }
      }
    }
  },
  "parentArchetypeId" : "openEHR-EHR-COMPOSITION.encounter.v1",
  "differential" : true,
  "archetypeId" : {
    "@type" : "ARCHETYPE_HRID",
    "value" : "openEHR-EHR-COMPOSITION.t_encounter.v1"
  },
  "definition" : {
    "@type" : "C_COMPLEX_OBJECT",
    "rmTypeName" : "COMPOSITION",
    "nodeId" : "at0000.1",
    "attributes" : [ {
      "@type" : "C_ATTRIBUTE",
      "rmAttributeName" : "context",
      "children" : [ {
        "@type" : "C_COMPLEX_OBJECT",
        "rmTypeName" : "EVENT_CONTEXT",
        "attributes" : [ {
          "@type" : "C_ATTRIBUTE",
          "rmAttributeName" : "other_context",
          "children" : [ {
            "@type" : "C_COMPLEX_OBJECT",
            "rmTypeName" : "ITEM_TREE",
            "nodeId" : "at0001",
            "attributes" : [ {
              "@type" : "C_ATTRIBUTE",
              "rmAttributeName" : "items",
              "children" : [ {
                "@type" : "C_ARCHETYPE_ROOT",
                "rmTypeName" : "CLUSTER",
                "occurrences" : "0..*",
                "nodeId" : "at0002.1",
                "attributes" : [ ],
                "attributeTuples" : [ ],
                "archetypeRef" : "openEHR-EHR-CLUSTER.ovl-xds_metadata-001.v0",
                "referenceType" : "archetypeOverlay"
              }, {
                "@type" : "C_ARCHETYPE_ROOT",
                "rmTypeName" : "CLUSTER",
                "occurrences" : "0..*",
                "nodeId" : "at0002.2",
                "attributes" : [ ],
                "attributeTuples" : [ ],
                "archetypeRef" : "openEHR-EHR-CLUSTER.ovl-encounter_context-001.v0",
                "referenceType" : "archetypeOverlay"
              } ]
            } ],
            "attributeTuples" : [ ]
          } ]
        } ],
        "attributeTuples" : [ ]
      } ]
    }, {
      "@type" : "C_ATTRIBUTE",
      "rmAttributeName" : "content",
      "existence" : "0..1",
      "cardinality" : {
        "@type" : "CARDINALITY",
        "interval" : "0..*",
        "ordered" : false,
        "unique" : false
      },
      "children" : [ {
        "@type" : "C_ARCHETYPE_ROOT",
        "rmTypeName" : "EVALUATION",
        "occurrences" : "0..1",
        "nodeId" : "at0.2",
        "attributes" : [ ],
        "attributeTuples" : [ ],
        "archetypeRef" : "openEHR-EHR-EVALUATION.ovl-critical_care_daily_assessment_covid-001.v0",
        "referenceType" : "archetypeOverlay"
      } ]
    } ],
    "attributeTuples" : [ ]
  },
  "terminology" : {
    "@type" : "ARCHETYPE_TERMINOLOGY",
    "conceptCode" : "at0000",
    "termDefinitions" : {
      "ar-sy" : {
        "at0000.1" : {
          "@type" : "ARCHETYPE_TERM",
          "code" : "at0000.1",
          "text" : "Critical Care Daily Assessment COVID",
          "description" : "*Interaction, contact or care event between a subject of care and healthcare provider(s).(en)"
        }
      },
      "en" : {
        "at0000.1" : {
          "@type" : "ARCHETYPE_TERM",
          "code" : "at0000.1",
          "text" : "Critical Care Daily Assessment COVID",
          "description" : "Interaction, contact or care event between a subject of care and healthcare provider(s)."
        }
      },
      "es-ar" : {
        "at0000.1" : {
          "@type" : "ARCHETYPE_TERM",
          "code" : "at0000.1",
          "text" : "Critical Care Daily Assessment COVID",
          "description" : "Interacción, contacto o evento de cuidados entre un sujeto de cuidados y uno o más proveedores de cuidados de la salud."
        }
      },
      "ko" : {
        "at0000.1" : {
          "@type" : "ARCHETYPE_TERM",
          "code" : "at0000.1",
          "text" : "Critical Care Daily Assessment COVID",
          "description" : "*Interaction, contact or care event between a subject of care and healthcare provider(s).(en)"
        }
      },
      "pt-br" : {
        "at0000.1" : {
          "@type" : "ARCHETYPE_TERM",
          "code" : "at0000.1",
          "text" : "Critical Care Daily Assessment COVID",
          "description" : "Interação, contato ou cuidado entre o sujeito do cuidado e profissional(is) de saúde."
        }
      },
      "es" : {
        "at0000.1" : {
          "@type" : "ARCHETYPE_TERM",
          "code" : "at0000.1",
          "text" : "Critical Care Daily Assessment COVID",
          "description" : "Interacción, contacto o evento de cuidado entre un paciente y un proveedor de salud."
        }
      },
      "nl" : {
        "at0000.1" : {
          "@type" : "ARCHETYPE_TERM",
          "code" : "at0000.1",
          "text" : "Critical Care Daily Assessment COVID",
          "description" : "Interactie, contact of zorggebeurtenis tussen een onderwerp van zorg en zorgverlener(s)."
        }
      },
      "sv" : {
        "at0000.1" : {
          "@type" : "ARCHETYPE_TERM",
          "code" : "at0000.1",
          "text" : "Critical Care Daily Assessment COVID",
          "description" : "Interaktion, kontakt eller vårdhändelse mellan vårdtagare och vårdgivare inom hälso- och sjukvården."
        }
      }
    },
    "termBindings" : { },
    "terminologyExtracts" : { },
    "valueSets" : { }
  },
  "adlVersion" : "1.4",
  "buildUid" : "ed2cc0eb-c508-3e66-a7bc-0e3f3e3f196f",
  "rmName" : "openehr",
  "rmRelease" : "1.0.3",
  "generated" : true,
  "templateId" : "Critical Care Daily Assessment COVID",
  "otherMetaData" : { },
  "templateOverlays" : [ {
    "@type" : "TEMPLATE_OVERLAY",
    "uid" : "080e5ebe-34ea-4eee-821c-4a526ace858b",
    "description" : {
      "@type" : "RESOURCE_DESCRIPTION",
      "originalAuthor" : { },
      "otherContributors" : [ ],
      "ipAcknowledgements" : { },
      "references" : { },
      "conversionDetails" : { },
      "otherDetails" : {
        "PARENT:MD5-CAM-1.0.1" : "B2538EC96A6545E2E6F04CE532DA36E3"
      },
      "details" : {
        "en" : {
          "@type" : "RESOURCE_DESCRIPTION_ITEM",
          "language" : {
            "terminologyId" : {
              "value" : "ISO_639-1"
            },
            "codeString" : "en"
          },
          "purpose" : "To record additional composition metadata aligned with IHE-XDS which is not already available from the Reference Model COMPOSITION class.",
          "keywords" : [ "Document, metadata", "IHE", "XDS" ],
          "use" : "Use to add IHE-XDS aligned metadata to a COMPOSITION.context, which along with existing COMPOSITION attributes, allows the composition to be registered in an IHE-XDS environment.",
          "copyright" : "©Clinical Models UK",
          "originalResourceUri" : { },
          "otherDetails" : { }
        }
      }
    },
    "parentArchetypeId" : "openEHR-EHR-CLUSTER.xds_metadata.v0",
    "differential" : true,
    "archetypeId" : {
      "@type" : "ARCHETYPE_HRID",
      "value" : "openEHR-EHR-CLUSTER.ovl-xds_metadata-001.v0"
    },
    "definition" : {
      "@type" : "C_COMPLEX_OBJECT",
      "rmTypeName" : "CLUSTER",
      "nodeId" : "at0000.1",
      "attributes" : [ ],
      "attributeTuples" : [ ]
    },
    "terminology" : {
      "@type" : "ARCHETYPE_TERMINOLOGY",
      "conceptCode" : "at0000",
      "termDefinitions" : {
        "en" : { }
      },
      "termBindings" : { },
      "terminologyExtracts" : { },
      "valueSets" : { }
    },
    "adlVersion" : "1.4",
    "buildUid" : "5e6379f0-14f8-4d4a-8722-788a72b935b1",
    "rmName" : "openehr",
    "rmRelease" : "1.0.3",
    "generated" : true,
    "otherMetaData" : { },
    "originalLanguage" : {
      "terminologyId" : {
        "value" : "ISO_639-1"
      },
      "codeString" : "en"
    },
    "translations" : [ ]
  }, {
    "@type" : "TEMPLATE_OVERLAY",
    "uid" : "e0a28847-d068-4bcc-ad81-f38515a07f6c",
    "description" : {
      "@type" : "RESOURCE_DESCRIPTION",
      "originalAuthor" : { },
      "otherContributors" : [ ],
      "ipAcknowledgements" : { },
      "references" : { },
      "conversionDetails" : { },
      "otherDetails" : {
        "PARENT:MD5-CAM-1.0.1" : "784613dbf695a01a7e2787d77d6e8203"
      },
      "details" : {
        "en" : {
          "@type" : "RESOURCE_DESCRIPTION_ITEM",
          "language" : {
            "terminologyId" : {
              "value" : "ISO_639-1"
            },
            "codeString" : "en"
          },
          "purpose" : "Register into openEHR composition the encounter context - id, type and reason of encounter. ",
          "keywords" : [ "Encounter, appointment" ],
          "use" : "Demographic mappings are available on the annotations for each archetype attribute.",
          "originalResourceUri" : { },
          "otherDetails" : { }
        }
      }
    },
    "annotations" : {
      "@type" : "RESOURCE_ANNOTATIONS",
      "documentation" : {
        "en" : {
          "/items[at0002]" : {
            "FHIR_mapping" : "Encounter.identifier",
            "HL7v2_mapping" : "PV1.19 "
          },
          "/items[at0001]" : {
            "FHIR_mapping" : "Appointment.identifier",
            "HL7v2_mapping" : "SCH-1 / SCH-2"
          },
          "/items[at0004]" : {
            "FHIR_mapping" : "Encounter.reason",
            "HL7v2_mapping" : "EVN.4 / PV2.3"
          },
          "/items[at0003]" : {
            "FHIR_mapping" : "Encounter.type",
            "HL7v2_mapping" : " PV1.4 / PV1.18"
          }
        }
      }
    },
    "parentArchetypeId" : "openEHR-EHR-CLUSTER.encounter_context.v0",
    "differential" : true,
    "archetypeId" : {
      "@type" : "ARCHETYPE_HRID",
      "value" : "openEHR-EHR-CLUSTER.ovl-encounter_context-001.v0"
    },
    "definition" : {
      "@type" : "C_COMPLEX_OBJECT",
      "rmTypeName" : "CLUSTER",
      "nodeId" : "at0000.1",
      "attributes" : [ ],
      "attributeTuples" : [ ]
    },
    "terminology" : {
      "@type" : "ARCHETYPE_TERMINOLOGY",
      "conceptCode" : "at0000",
      "termDefinitions" : {
        "en" : { }
      },
      "termBindings" : { },
      "terminologyExtracts" : { },
      "valueSets" : { }
    },
    "adlVersion" : "1.4",
    "buildUid" : "7c4e5b92-2c96-4cbb-b575-22126d197b29",
    "rmName" : "openehr",
    "rmRelease" : "1.0.3",
    "generated" : true,
    "otherMetaData" : { },
    "originalLanguage" : {
      "terminologyId" : {
        "value" : "ISO_639-1"
      },
      "codeString" : "en"
    },
    "translations" : [ ]
  }, {
    "@type" : "TEMPLATE_OVERLAY",
    "uid" : "5c605442-6641-40a5-8420-0363053333db",
    "description" : {
      "@type" : "RESOURCE_DESCRIPTION",
      "originalAuthor" : { },
      "otherContributors" : [ ],
      "ipAcknowledgements" : { },
      "references" : { },
      "conversionDetails" : { },
      "otherDetails" : {
        "PARENT:MD5-CAM-1.0.1" : "f1d9424a72eb3752aa9be47c25c62899"
      },
      "details" : {
        "en" : {
          "@type" : "RESOURCE_DESCRIPTION_ITEM",
          "language" : {
            "terminologyId" : {
              "value" : "ISO_639-1"
            },
            "codeString" : "en"
          },
          "keywords" : [ ],
          "originalResourceUri" : { },
          "otherDetails" : { }
        }
      }
    },
    "parentArchetypeId" : "openEHR-EHR-EVALUATION.critical_care_daily_assessment_covid.v0",
    "differential" : true,
    "archetypeId" : {
      "@type" : "ARCHETYPE_HRID",
      "value" : "openEHR-EHR-EVALUATION.ovl-critical_care_daily_assessment_covid-001.v0"
    },
    "definition" : {
      "@type" : "C_COMPLEX_OBJECT",
      "rmTypeName" : "EVALUATION",
      "nodeId" : "at0000.1",
      "attributes" : [ {
        "@type" : "C_ATTRIBUTE",
        "rmAttributeName" : "data",
        "children" : [ {
          "@type" : "C_COMPLEX_OBJECT",
          "rmTypeName" : "ITEM_TREE",
          "nodeId" : "at0001",
          "attributes" : [ {
            "@type" : "C_ATTRIBUTE",
            "rmAttributeName" : "items",
            "children" : [ {
              "@type" : "C_COMPLEX_OBJECT",
              "rmTypeName" : "ELEMENT",
              "nodeId" : "at0074.1",
              "attributes" : [ {
                "@type" : "C_ATTRIBUTE",
                "rmAttributeName" : "value",
                "children" : [ {
                  "@type" : "C_COMPLEX_OBJECT",
                  "rmTypeName" : "DV_CODED_TEXT",
                  "attributes" : [ {
                    "@type" : "C_ATTRIBUTE",
                    "rmAttributeName" : "defining_code",
                    "children" : [ {
                      "@type" : "C_TERMINOLOGY_CODE",
                      "rmTypeName" : "TERMINOLOGY_CODE",
                      "terminologyId" : {
                        "value" : "local_terms"
                      },
                      "constraint" : [ ],
                      "selectedTerminologies" : [ "local_terms" ],
                      "includedExternalTerminologyCodes" : [ {
                        "terminologyId" : "local_terms",
                        "code" : "1",
                        "value" : "1"
                      }, {
                        "terminologyId" : "local_terms",
                        "code" : "2",
                        "value" : "2"
                      }, {
                        "terminologyId" : "local_terms",
                        "code" : "3",
                        "value" : "3"
                      } ]
                    } ]
                  } ],
                  "attributeTuples" : [ ]
                } ]
              } ],
              "attributeTuples" : [ ]
            }, {
              "@type" : "C_COMPLEX_OBJECT",
              "rmTypeName" : "ELEMENT",
              "nodeId" : "at0048.1",
              "attributes" : [ {
                "@type" : "C_ATTRIBUTE",
                "rmAttributeName" : "value",
                "children" : [ {
                  "@type" : "C_COMPLEX_OBJECT",
                  "rmTypeName" : "DV_CODED_TEXT",
                  "defaultValue" : {
                    "defining_code" : {
                      "terminology_id" : {
                        "value" : "snomedct",
                        "@type" : "TERMINOLOGY_ID"
                      },
                      "code_string" : "304252001",
                      "@type" : "CODE_PHRASE"
                    },
                    "value" : "For resuscitation",
                    "@type" : "DV_CODED_TEXT"
                  },
                  "attributes" : [ {
                    "@type" : "C_ATTRIBUTE",
                    "rmAttributeName" : "defining_code",
                    "children" : [ {
                      "@type" : "C_TERMINOLOGY_CODE",
                      "rmTypeName" : "TERMINOLOGY_CODE",
                      "terminologyId" : {
                        "value" : "snomedct"
                      },
                      "constraint" : [ ],
                      "selectedTerminologies" : [ "snomedct" ],
                      "includedExternalTerminologyCodes" : [ {
                        "terminologyId" : "snomedct",
                        "code" : "304252001",
                        "value" : "For resuscitation"
                      }, {
                        "terminologyId" : "snomedct",
                        "code" : "304253006",
                        "value" : "Not for resuscitation"
                      } ]
                    } ]
                  } ],
                  "attributeTuples" : [ ]
                } ]
              } ],
              "attributeTuples" : [ ]
            }, {
              "@type" : "C_COMPLEX_OBJECT",
              "rmTypeName" : "CLUSTER",
              "nodeId" : "at0054",
              "attributes" : [ {
                "@type" : "C_ATTRIBUTE",
                "rmAttributeName" : "items",
                "children" : [ {
                  "@type" : "C_COMPLEX_OBJECT",
                  "rmTypeName" : "ELEMENT",
                  "nodeId" : "at0058.1",
                  "attributes" : [ {
                    "@type" : "C_ATTRIBUTE",
                    "rmAttributeName" : "value",
                    "children" : [ {
                      "@type" : "C_COMPLEX_OBJECT",
                      "rmTypeName" : "DV_CODED_TEXT",
                      "attributes" : [ {
                        "@type" : "C_ATTRIBUTE",
                        "rmAttributeName" : "defining_code",
                        "children" : [ {
                          "@type" : "C_TERMINOLOGY_CODE",
                          "rmTypeName" : "TERMINOLOGY_CODE",
                          "terminologyId" : {
                            "value" : "snomedct"
                          },
                          "constraint" : [ ],
                          "selectedTerminologies" : [ "snomedct" ],
                          "includedExternalTerminologyCodes" : [ {
                            "terminologyId" : "snomedct",
                            "code" : "248152002",
                            "value" : "Female"
                          }, {
                            "terminologyId" : "snomedct",
                            "code" : "248153007",
                            "value" : "Male"
                          } ]
                        } ]
                      } ],
                      "attributeTuples" : [ ]
                    } ]
                  } ],
                  "attributeTuples" : [ ]
                }, {
                  "@type" : "C_COMPLEX_OBJECT",
                  "rmTypeName" : "ELEMENT",
                  "nodeId" : "at0062.1",
                  "attributes" : [ ],
                  "attributeTuples" : [ ]
                } ]
              } ],
              "attributeTuples" : [ ]
            } ]
          } ],
          "attributeTuples" : [ ]
        } ]
      } ],
      "attributeTuples" : [ ]
    },
    "terminology" : {
      "@type" : "ARCHETYPE_TERMINOLOGY",
      "conceptCode" : "at0000",
      "termDefinitions" : {
        "en" : {
          "at0.1" : {
            "@type" : "ARCHETYPE_TERM",
            "text" : "1",
            "description" : "1",
            "code" : "at0.1"
          },
          "at0.2" : {
            "@type" : "ARCHETYPE_TERM",
            "text" : "2",
            "description" : "2",
            "code" : "at0.2"
          },
          "at0.3" : {
            "@type" : "ARCHETYPE_TERM",
            "text" : "3",
            "description" : "3",
            "code" : "at0.3"
          }
        }
      },
      "termBindings" : {
        "local_terms" : { }
      },
      "terminologyExtracts" : { },
      "valueSets" : { }
    },
    "adlVersion" : "1.4",
    "buildUid" : "f5d9b5fe-800a-3339-93d3-a39674e75d53",
    "rmName" : "openehr",
    "rmRelease" : "1.0.3",
    "generated" : true,
    "otherMetaData" : { },
    "originalLanguage" : {
      "terminologyId" : {
        "value" : "ISO_639-1"
      },
      "codeString" : "en"
    },
    "translations" : [ ]
  } ],
  "originalLanguage" : {
    "terminologyId" : {
      "value" : "ISO_639-1"
    },
    "codeString" : "en"
  },
  "translations" : [ {
    "@type" : "TRANSLATION_DETAILS",
    "language" : {
      "terminologyId" : {
        "value" : "ISO_639-1"
      },
      "codeString" : "sv"
    },
    "author" : { },
    "otherDetails" : { }
  }, {
    "@type" : "TRANSLATION_DETAILS",
    "language" : {
      "terminologyId" : {
        "value" : "ISO_639-1"
      },
      "codeString" : "es-ar"
    },
    "author" : { },
    "otherDetails" : { }
  }, {
    "@type" : "TRANSLATION_DETAILS",
    "language" : {
      "terminologyId" : {
        "value" : "ISO_639-1"
      },
      "codeString" : "ko"
    },
    "author" : { },
    "otherDetails" : { }
  }, {
    "@type" : "TRANSLATION_DETAILS",
    "language" : {
      "terminologyId" : {
        "value" : "ISO_639-1"
      },
      "codeString" : "pt-br"
    },
    "author" : { },
    "otherDetails" : { }
  }, {
    "@type" : "TRANSLATION_DETAILS",
    "language" : {
      "terminologyId" : {
        "value" : "ISO_639-1"
      },
      "codeString" : "ar-sy"
    },
    "author" : { },
    "otherDetails" : { }
  }, {
    "@type" : "TRANSLATION_DETAILS",
    "language" : {
      "terminologyId" : {
        "value" : "ISO_639-1"
      },
      "codeString" : "es"
    },
    "author" : { },
    "otherDetails" : { }
  }, {
    "@type" : "TRANSLATION_DETAILS",
    "language" : {
      "terminologyId" : {
        "value" : "ISO_639-1"
      },
      "codeString" : "nl"
    },
    "author" : { },
    "otherDetails" : { }
  } ]
}