{
  "@type" : "TEMPLATE",
  "uid" : "2dabe9a4-1cc4-43a0-ab42-256f9da150c4",
  "description" : {
    "@type" : "RESOURCE_DESCRIPTION",
    "originalAuthor" : {
      "date" : "2020-04-09"
    },
    "otherContributors" : [ ],
    "lifecycleState" : {
      "codeString" : "unmanaged"
    },
    "ipAcknowledgements" : { },
    "references" : { },
    "conversionDetails" : { },
    "otherDetails" : {
      "licence" : "This work is licensed under the Creative Commons Attribution-ShareAlike 4.0 International License. To view a copy of this license, visit http://creativecommons.org/licenses/by-sa/4.0/.",
      "custodian_organisation" : "openEHR Foundation",
      "original_namespace" : "org.openehr",
      "original_publisher" : "openEHR Foundation",
      "custodian_namespace" : "org.openehr",
      "MD5-CAM-1.0.1" : "a7ce21e42e191599cd6dfdcdba8265b9",
      "PARENT:MD5-CAM-1.0.1" : "706E6DA39FA082EE75E0F0D4E4A87F25"
    },
    "details" : {
      "de" : {
        "@type" : "RESOURCE_DESCRIPTION_ITEM",
        "language" : {
          "terminologyId" : {
            "value" : "ISO_639-1"
          },
          "codeString" : "de"
        },
        "keywords" : [ ],
        "originalResourceUri" : { },
        "otherDetails" : { }
      },
      "fi" : {
        "@type" : "RESOURCE_DESCRIPTION_ITEM",
        "language" : {
          "terminologyId" : {
            "value" : "ISO_639-1"
          },
          "codeString" : "fi"
        },
        "keywords" : [ ],
        "originalResourceUri" : { },
        "otherDetails" : { }
      },
      "sv" : {
        "@type" : "RESOURCE_DESCRIPTION_ITEM",
        "language" : {
          "terminologyId" : {
            "value" : "ISO_639-1"
          },
          "codeString" : "sv"
        },
        "keywords" : [ ],
        "originalResourceUri" : { },
        "otherDetails" : { }
      },
      "ko" : {
        "@type" : "RESOURCE_DESCRIPTION_ITEM",
        "language" : {
          "terminologyId" : {
            "value" : "ISO_639-1"
          },
          "codeString" : "ko"
        },
        "keywords" : [ ],
        "originalResourceUri" : { },
        "otherDetails" : { }
      },
      "es-ar" : {
        "@type" : "RESOURCE_DESCRIPTION_ITEM",
        "language" : {
          "terminologyId" : {
            "value" : "ISO_639-1"
          },
          "codeString" : "es-ar"
        },
        "keywords" : [ ],
        "originalResourceUri" : { },
        "otherDetails" : { }
      },
      "pt-br" : {
        "@type" : "RESOURCE_DESCRIPTION_ITEM",
        "language" : {
          "terminologyId" : {
            "value" : "ISO_639-1"
          },
          "codeString" : "pt-br"
        },
        "keywords" : [ ],
        "originalResourceUri" : { },
        "otherDetails" : { }
      },
      "en" : {
        "@type" : "RESOURCE_DESCRIPTION_ITEM",
        "language" : {
          "terminologyId" : {
            "value" : "ISO_639-1"
          },
          "codeString" : "en"
        },
        "keywords" : [ ],
        "originalResourceUri" : { },
        "otherDetails" : { }
      },
      "ar-sy" : {
        "@type" : "RESOURCE_DESCRIPTION_ITEM",
        "language" : {
          "terminologyId" : {
            "value" : "ISO_639-1"
          },
          "codeString" : "ar-sy"
        },
        "keywords" : [ ],
        "originalResourceUri" : { },
        "otherDetails" : { }
      },
      "it" : {
        "@type" : "RESOURCE_DESCRIPTION_ITEM",
        "language" : {
          "terminologyId" : {
            "value" : "ISO_639-1"
          },
          "codeString" : "it"
        },
        "keywords" : [ ],
        "originalResourceUri" : { },
        "otherDetails" : { }
      },
      "nl" : {
        "@type" : "RESOURCE_DESCRIPTION_ITEM",
        "language" : {
          "terminologyId" : {
            "value" : "ISO_639-1"
          },
          "codeString" : "nl"
        },
        "keywords" : [ ],
        "originalResourceUri" : { },
        "otherDetails" : { }
      },
      "es" : {
        "@type" : "RESOURCE_DESCRIPTION_ITEM",
        "language" : {
          "terminologyId" : {
            "value" : "ISO_639-1"
          },
          "codeString" : "es"
        },
        "keywords" : [ ],
        "originalResourceUri" : { },
        "otherDetails" : { }
      }
    }
  },
  "parentArchetypeId" : "openEHR-EHR-COMPOSITION.encounter.v1",
  "differential" : false,
  "archetypeId" : {
    "@type" : "ARCHETYPE_HRID",
    "value" : "openEHR-EHR-COMPOSITION.t_encounter.v1"
  },
  "definition" : {
    "@type" : "C_COMPLEX_OBJECT",
    "rmTypeName" : "COMPOSITION",
    "occurrences" : "1..1",
    "nodeId" : "at0000.1",
    "attributes" : [ {
      "@type" : "C_ATTRIBUTE",
      "rmAttributeName" : "category",
      "existence" : "1..1",
      "children" : [ {
        "@type" : "C_COMPLEX_OBJECT",
        "rmTypeName" : "DV_CODED_TEXT",
        "occurrences" : "1..1",
        "attributes" : [ {
          "@type" : "C_ATTRIBUTE",
          "rmAttributeName" : "defining_code",
          "existence" : "1..1",
          "children" : [ {
            "@type" : "C_TERMINOLOGY_CODE",
            "rmTypeName" : "CODE_PHRASE",
            "occurrences" : "1..1",
            "terminologyId" : {
              "value" : "openehr"
            },
            "constraint" : [ "433" ]
          } ]
        } ],
        "attributeTuples" : [ ]
      } ]
    }, {
      "@type" : "C_ATTRIBUTE",
      "rmAttributeName" : "context",
      "existence" : "0..1",
      "children" : [ {
        "@type" : "C_COMPLEX_OBJECT",
        "rmTypeName" : "EVENT_CONTEXT",
        "occurrences" : "1..1",
        "attributes" : [ {
          "@type" : "C_ATTRIBUTE",
          "rmAttributeName" : "other_context",
          "existence" : "0..1",
          "children" : [ {
            "@type" : "C_COMPLEX_OBJECT",
            "rmTypeName" : "ITEM_TREE",
            "occurrences" : "1..1",
            "nodeId" : "at0001",
            "attributes" : [ {
              "@type" : "C_ATTRIBUTE",
              "rmAttributeName" : "items",
              "existence" : "0..1",
              "cardinality" : {
                "@type" : "CARDINALITY",
                "interval" : "0..*",
                "ordered" : false,
                "unique" : false
              },
              "children" : [ {
                "@type" : "ARCHETYPE_SLOT",
                "rmTypeName" : "CLUSTER",
                "occurrences" : "0..*",
                "nodeId" : "at0002",
                "includes" : [ {
                  "@type" : "ASSERTION",
                  "stringExpression" : "archetype_id/value matches {/.*/}",
                  "expression" : {
                    "@type" : "BINARY_OPERATOR",
                    "type" : "BOOLEAN",
                    "operator" : "matches",
                    "leftOperand" : {
                      "@type" : "MODEL_REFERENCE",
                      "type" : "STRING",
                      "precedenceOverriden" : false,
                      "referenceType" : "Attribute",
                      "path" : "archetype_id/value"
                    },
                    "rightOperand" : {
                      "@type" : "CONSTRAINT",
                      "type" : "STRING",
                      "precedenceOverriden" : false,
                      "referenceType" : "Constraint",
                      "item" : {
                        "@type" : "C_STRING",
                        "constraint" : [ "/.*/" ]
                      }
                    },
                    "precedenceOverriden" : false
                  },
                  "variables" : [ ]
                } ],
                "excludes" : [ ],
                "closed" : false
              }, {
                "@type" : "C_ARCHETYPE_ROOT",
                "rmTypeName" : "CLUSTER",
                "occurrences" : "0..*",
                "nodeId" : "at0002.1",
                "attributes" : [ ],
                "attributeTuples" : [ ],
                "archetypeRef" : "openEHR-EHR-CLUSTER.ovl-xds_metadata-001.v0",
                "referenceType" : "archetypeOverlay"
              }, {
                "@type" : "C_ARCHETYPE_ROOT",
                "rmTypeName" : "CLUSTER",
                "occurrences" : "0..*",
                "nodeId" : "at0002.2",
                "attributes" : [ ],
                "attributeTuples" : [ ],
                "archetypeRef" : "openEHR-EHR-CLUSTER.ovl-encounter_context-001.v0",
                "referenceType" : "archetypeOverlay"
              } ]
            } ],
            "attributeTuples" : [ ]
          } ]
        } ],
        "attributeTuples" : [ ]
      } ]
    }, {
      "@type" : "C_ATTRIBUTE",
      "rmAttributeName" : "content",
      "existence" : "0..1",
      "cardinality" : {
        "@type" : "CARDINALITY",
        "interval" : "0..*",
        "ordered" : false,
        "unique" : false
      },
      "children" : [ {
        "@type" : "C_ARCHETYPE_ROOT",
        "rmTypeName" : "EVALUATION",
        "occurrences" : "1..1",
        "nodeId" : "at0.2",
        "attributes" : [ ],
        "attributeTuples" : [ ],
        "archetypeRef" : "openEHR-EHR-EVALUATION.ovl-covid19_post_discharge_outcome-001.v0",
        "referenceType" : "archetypeOverlay"
      } ]
    } ],
    "attributeTuples" : [ ]
  },
  "terminology" : {
    "@type" : "ARCHETYPE_TERMINOLOGY",
    "conceptCode" : "at0000",
    "termDefinitions" : {
      "ar-sy" : {
        "at0000.1" : {
          "@type" : "ARCHETYPE_TERM",
          "code" : "at0000.1",
          "text" : "COVID19 Post Discharge Outcome",
          "description" : "*Interaction, contact or care event between a subject of care and healthcare provider(s).(en)"
        },
        "at0000" : {
          "@type" : "ARCHETYPE_TERM",
          "code" : "at0000",
          "text" : "*Encounter(en)",
          "description" : "*Interaction, contact or care event between a subject of care and healthcare provider(s).(en)"
        },
        "at0001" : {
          "@type" : "ARCHETYPE_TERM",
          "code" : "at0001",
          "text" : "*Tree(en)",
          "description" : "*@ internal @(en)"
        },
        "at0002" : {
          "@type" : "ARCHETYPE_TERM",
          "code" : "at0002",
          "text" : "*Extension(en)",
          "description" : "*Additional information required to capture local context or to align with other reference models/formalisms.(en)",
          "comment" : "*e.g. Local hospital departmental infomation or additional metadata to align with FHIR or CIMI equivalents.(en)"
        },
        "at0002.1" : {
          "@type" : "ARCHETYPE_TERM",
          "code" : "at0002",
          "text" : "*Extension(en)",
          "description" : "*Additional information required to capture local context or to align with other reference models/formalisms.(en)",
          "comment" : "*e.g. Local hospital departmental infomation or additional metadata to align with FHIR or CIMI equivalents.(en)"
        },
        "at0002.2" : {
          "@type" : "ARCHETYPE_TERM",
          "code" : "at0002",
          "text" : "*Extension(en)",
          "description" : "*Additional information required to capture local context or to align with other reference models/formalisms.(en)",
          "comment" : "*e.g. Local hospital departmental infomation or additional metadata to align with FHIR or CIMI equivalents.(en)"
        }
      },
      "en" : {
        "at0000.1" : {
          "@type" : "ARCHETYPE_TERM",
          "code" : "at0000.1",
          "text" : "COVID19 Post Discharge Outcome",
          "description" : "Interaction, contact or care event between a subject of care and healthcare provider(s)."
        },
        "at0000" : {
          "@type" : "ARCHETYPE_TERM",
          "code" : "at0000",
          "text" : "Encounter",
          "description" : "Interaction, contact or care event between a subject of care and healthcare provider(s)."
        },
        "at0001" : {
          "@type" : "ARCHETYPE_TERM",
          "code" : "at0001",
          "text" : "Tree",
          "description" : "@ internal @"
        },
        "at0002" : {
          "@type" : "ARCHETYPE_TERM",
          "code" : "at0002",
          "text" : "Extension",
          "description" : "Additional information required to capture local context or to align with other reference models/formalisms.",
          "comment" : "e.g. Local hospital departmental infomation or additional metadata to align with FHIR or CIMI equivalents."
        },
        "at0002.1" : {
          "@type" : "ARCHETYPE_TERM",
          "code" : "at0002",
          "text" : "Extension",
          "description" : "Additional information required to capture local context or to align with other reference models/formalisms.",
          "comment" : "e.g. Local hospital departmental infomation or additional metadata to align with FHIR or CIMI equivalents."
        },
        "at0002.2" : {
          "@type" : "ARCHETYPE_TERM",
          "code" : "at0002",
          "text" : "Extension",
          "description" : "Additional information required to capture local context or to align with other reference models/formalisms.",
          "comment" : "e.g. Local hospital departmental infomation or additional metadata to align with FHIR or CIMI equivalents."
        }
      },
      "es-ar" : {
        "at0000.1" : {
          "@type" : "ARCHETYPE_TERM",
          "code" : "at0000.1",
          "text" : "COVID19 Post Discharge Outcome",
          "description" : "Interacción, contacto o evento de cuidados entre un sujeto de cuidados y uno o más proveedores de cuidados de la salud."
        },
        "at0000" : {
          "@type" : "ARCHETYPE_TERM",
          "code" : "at0000",
          "text" : "Encuentro",
          "description" : "Interacción, contacto o evento de cuidados entre un sujeto de cuidados y uno o más proveedores de cuidados de la salud."
        },
        "at0001" : {
          "@type" : "ARCHETYPE_TERM",
          "code" : "at0001",
          "text" : "*Tree(en)",
          "description" : "*@ internal @(en)"
        },
        "at0002" : {
          "@type" : "ARCHETYPE_TERM",
          "code" : "at0002",
          "text" : "Extensión",
          "description" : "Información adicional requerida para representar el contexto local o para alineamiento con otros modelos de referencia y formalismos.",
          "comment" : "Ej.: Información local del departamento hospitalario o metadatos adicionales para alineamiento con los equivalentes en FHIR o CIMI."
        },
        "at0002.1" : {
          "@type" : "ARCHETYPE_TERM",
          "code" : "at0002",
          "text" : "Extensión",
          "description" : "Información adicional requerida para representar el contexto local o para alineamiento con otros modelos de referencia y formalismos.",
          "comment" : "Ej.: Información local del departamento hospitalario o metadatos adicionales para alineamiento con los equivalentes en FHIR o CIMI."
        },
        "at0002.2" : {
          "@type" : "ARCHETYPE_TERM",
          "code" : "at0002",
          "text" : "Extensión",
          "description" : "Información adicional requerida para representar el contexto local o para alineamiento con otros modelos de referencia y formalismos.",
          "comment" : "Ej.: Información local del departamento hospitalario o metadatos adicionales para alineamiento con los equivalentes en FHIR o CIMI."
        }
      },
      "ko" : {
        "at0000.1" : {
          "@type" : "ARCHETYPE_TERM",
          "code" : "at0000.1",
          "text" : "COVID19 Post Discharge Outcome",
          "description" : "*Interaction, contact or care event between a subject of care and healthcare provider(s).(en)"
        },
        "at0000" : {
          "@type" : "ARCHETYPE_TERM",
          "code" : "at0000",
          "text" : "*Encounter(en)",
          "description" : "*Interaction, contact or care event between a subject of care and healthcare provider(s).(en)"
        },
        "at0001" : {
          "@type" : "ARCHETYPE_TERM",
          "code" : "at0001",
          "text" : "*Tree(en)",
          "description" : "*@ internal @(en)"
        },
        "at0002" : {
          "@type" : "ARCHETYPE_TERM",
          "code" : "at0002",
          "text" : "*Extension(en)",
          "description" : "*Additional information required to capture local context or to align with other reference models/formalisms.(en)",
          "comment" : "*e.g. Local hospital departmental infomation or additional metadata to align with FHIR or CIMI equivalents.(en)"
        },
        "at0002.1" : {
          "@type" : "ARCHETYPE_TERM",
          "code" : "at0002",
          "text" : "*Extension(en)",
          "description" : "*Additional information required to capture local context or to align with other reference models/formalisms.(en)",
          "comment" : "*e.g. Local hospital departmental infomation or additional metadata to align with FHIR or CIMI equivalents.(en)"
        },
        "at0002.2" : {
          "@type" : "ARCHETYPE_TERM",
          "code" : "at0002",
          "text" : "*Extension(en)",
          "description" : "*Additional information required to capture local context or to align with other reference models/formalisms.(en)",
          "comment" : "*e.g. Local hospital departmental infomation or additional metadata to align with FHIR or CIMI equivalents.(en)"
        }
      },
      "pt-br" : {
        "at0000.1" : {
          "@type" : "ARCHETYPE_TERM",
          "code" : "at0000.1",
          "text" : "COVID19 Post Discharge Outcome",
          "description" : "Interação, contato ou cuidado entre o sujeito do cuidado e profissional(is) de saúde."
        },
        "at0000" : {
          "@type" : "ARCHETYPE_TERM",
          "code" : "at0000",
          "text" : "Encontro",
          "description" : "Interação, contato ou cuidado entre o sujeito do cuidado e profissional(is) de saúde."
        },
        "at0001" : {
          "@type" : "ARCHETYPE_TERM",
          "code" : "at0001",
          "text" : "Tree",
          "description" : "@ internal @"
        },
        "at0002" : {
          "@type" : "ARCHETYPE_TERM",
          "code" : "at0002",
          "text" : "Extensão",
          "description" : "Informações adicionais necessárias para identificar contexto local ou alinhar com outros formalismos/modelos de referência.",
          "comment" : "Por exemplo: informação departamental local de hospital ou metadados adicionais para alinhar com equivalentes FHIR ou CIMI."
        },
        "at0002.1" : {
          "@type" : "ARCHETYPE_TERM",
          "code" : "at0002",
          "text" : "Extensão",
          "description" : "Informações adicionais necessárias para identificar contexto local ou alinhar com outros formalismos/modelos de referência.",
          "comment" : "Por exemplo: informação departamental local de hospital ou metadados adicionais para alinhar com equivalentes FHIR ou CIMI."
        },
        "at0002.2" : {
          "@type" : "ARCHETYPE_TERM",
          "code" : "at0002",
          "text" : "Extensão",
          "description" : "Informações adicionais necessárias para identificar contexto local ou alinhar com outros formalismos/modelos de referência.",
          "comment" : "Por exemplo: informação departamental local de hospital ou metadados adicionais para alinhar com equivalentes FHIR ou CIMI."
        }
      },
      "es" : {
        "at0000.1" : {
          "@type" : "ARCHETYPE_TERM",
          "code" : "at0000.1",
          "text" : "COVID19 Post Discharge Outcome",
          "description" : "Interacción, contacto o evento de cuidado entre un paciente y un proveedor de salud."
        },
        "at0000" : {
          "@type" : "ARCHETYPE_TERM",
          "code" : "at0000",
          "text" : "Encuentro",
          "description" : "Interacción, contacto o evento de cuidado entre un paciente y un proveedor de salud."
        },
        "at0001" : {
          "@type" : "ARCHETYPE_TERM",
          "code" : "at0001",
          "text" : "Tree",
          "description" : "@ internal @"
        },
        "at0002" : {
          "@type" : "ARCHETYPE_TERM",
          "code" : "at0002",
          "text" : "Extensión",
          "description" : "Información adicional requerida para capturar el contexto local o alinear con otros modelos de referencia o formalismos.",
          "comment" : "*e.g. Local hospital departmental infomation or additional metadata to align with FHIR or CIMI equivalents.(en)"
        },
        "at0002.1" : {
          "@type" : "ARCHETYPE_TERM",
          "code" : "at0002",
          "text" : "Extensión",
          "description" : "Información adicional requerida para capturar el contexto local o alinear con otros modelos de referencia o formalismos.",
          "comment" : "*e.g. Local hospital departmental infomation or additional metadata to align with FHIR or CIMI equivalents.(en)"
        },
        "at0002.2" : {
          "@type" : "ARCHETYPE_TERM",
          "code" : "at0002",
          "text" : "Extensión",
          "description" : "Información adicional requerida para capturar el contexto local o alinear con otros modelos de referencia o formalismos.",
          "comment" : "*e.g. Local hospital departmental infomation or additional metadata to align with FHIR or CIMI equivalents.(en)"
        }
      },
      "nl" : {
        "at0000.1" : {
          "@type" : "ARCHETYPE_TERM",
          "code" : "at0000.1",
          "text" : "COVID19 Post Discharge Outcome",
          "description" : "Interactie, contact of zorggebeurtenis tussen een onderwerp van zorg en zorgverlener(s)."
        },
        "at0000" : {
          "@type" : "ARCHETYPE_TERM",
          "code" : "at0000",
          "text" : "Contact",
          "description" : "Interactie, contact of zorggebeurtenis tussen een onderwerp van zorg en zorgverlener(s)."
        },
        "at0001" : {
          "@type" : "ARCHETYPE_TERM",
          "code" : "at0001",
          "text" : "Tree",
          "description" : "@ internal @"
        },
        "at0002" : {
          "@type" : "ARCHETYPE_TERM",
          "code" : "at0002",
          "text" : "Extensie",
          "description" : "Aanvullende informatie die vereist is om de lokale context vast te leggen of in lijn te brengen met andere referentie-modellen/formalismen.",
          "comment" : "Bijvoorbeeld lokale ziekenhuisafdeling informatie of aanvullende metadata om uit in lijn te brengen met FHIR of CIMI-equivalenten."
        },
        "at0002.1" : {
          "@type" : "ARCHETYPE_TERM",
          "code" : "at0002",
          "text" : "Extensie",
          "description" : "Aanvullende informatie die vereist is om de lokale context vast te leggen of in lijn te brengen met andere referentie-modellen/formalismen.",
          "comment" : "Bijvoorbeeld lokale ziekenhuisafdeling informatie of aanvullende metadata om uit in lijn te brengen met FHIR of CIMI-equivalenten."
        },
        "at0002.2" : {
          "@type" : "ARCHETYPE_TERM",
          "code" : "at0002",
          "text" : "Extensie",
          "description" : "Aanvullende informatie die vereist is om de lokale context vast te leggen of in lijn te brengen met andere referentie-modellen/formalismen.",
          "comment" : "Bijvoorbeeld lokale ziekenhuisafdeling informatie of aanvullende metadata om uit in lijn te brengen met FHIR of CIMI-equivalenten."
        }
      },
      "sv" : {
        "at0000.1" : {
          "@type" : "ARCHETYPE_TERM",
          "code" : "at0000.1",
          "text" : "COVID19 Post Discharge Outcome",
          "description" : "Interaktion, kontakt eller vårdhändelse mellan vårdtagare och vårdgivare inom hälso- och sjukvården."
        },
        "at0000" : {
          "@type" : "ARCHETYPE_TERM",
          "code" : "at0000",
          "text" : "Vårdtillfälle",
          "description" : "Interaktion, kontakt eller vårdhändelse mellan vårdtagare och vårdgivare inom hälso- och sjukvården."
        },
        "at0001" : {
          "@type" : "ARCHETYPE_TERM",
          "code" : "at0001",
          "text" : "Tree",
          "description" : "@ internal @"
        },
        "at0002" : {
          "@type" : "ARCHETYPE_TERM",
          "code" : "at0002",
          "text" : "Extra information",
          "description" : "Extra information som krävs för att fånga lokal kontext eller för anpassning till andra referensmodeller och formalismer.",
          "comment" : "Exempelvis information om en lokal sjukhusavdelning eller ytterligare metadata för anpassning till FHIR- eller CIMI-motsvarigheter."
        },
        "at0002.1" : {
          "@type" : "ARCHETYPE_TERM",
          "code" : "at0002",
          "text" : "Extra information",
          "description" : "Extra information som krävs för att fånga lokal kontext eller för anpassning till andra referensmodeller och formalismer.",
          "comment" : "Exempelvis information om en lokal sjukhusavdelning eller ytterligare metadata för anpassning till FHIR- eller CIMI-motsvarigheter."
        },
        "at0002.2" : {
          "@type" : "ARCHETYPE_TERM",
          "code" : "at0002",
          "text" : "Extra information",
          "description" : "Extra information som krävs för att fånga lokal kontext eller för anpassning till andra referensmodeller och formalismer.",
          "comment" : "Exempelvis information om en lokal sjukhusavdelning eller ytterligare metadata för anpassning till FHIR- eller CIMI-motsvarigheter."
        }
      },
      "de" : {
        "at0000.1" : {
          "@type" : "ARCHETYPE_TERM",
          "code" : "at0000.1",
          "text" : "COVID19 Post Discharge Outcome",
          "description" : "Interaktion, Kontakt oder Versorgungsereignis, zwischen einem Versorgungsempfänger und einem Gesundheitsdienstleister."
        },
        "at0000" : {
          "@type" : "ARCHETYPE_TERM",
          "code" : "at0000",
          "text" : "Kontakt",
          "description" : "Interaktion, Kontakt oder Versorgungsereignis, zwischen einem Versorgungsempfänger und einem Gesundheitsdienstleister."
        },
        "at0001" : {
          "@type" : "ARCHETYPE_TERM",
          "code" : "at0001",
          "text" : "Tree",
          "description" : "@ internal @"
        },
        "at0002" : {
          "@type" : "ARCHETYPE_TERM",
          "code" : "at0002",
          "text" : "Erweiterung",
          "description" : "Zusätzliche Informationen, zur Erfassung lokaler Inhalte oder Anpassung an andere Referenzmodelle / Formalismen.",
          "comment" : "Zum Beispiel Informationen zu lokalen Krankenhausabteilungen oder zusätzliche Metadaten zur Übereinstimmung mit FHIR- oder CIMI-Äquivalenten."
        },
        "at0002.1" : {
          "@type" : "ARCHETYPE_TERM",
          "code" : "at0002",
          "text" : "Erweiterung",
          "description" : "Zusätzliche Informationen, zur Erfassung lokaler Inhalte oder Anpassung an andere Referenzmodelle / Formalismen.",
          "comment" : "Zum Beispiel Informationen zu lokalen Krankenhausabteilungen oder zusätzliche Metadaten zur Übereinstimmung mit FHIR- oder CIMI-Äquivalenten."
        },
        "at0002.2" : {
          "@type" : "ARCHETYPE_TERM",
          "code" : "at0002",
          "text" : "Erweiterung",
          "description" : "Zusätzliche Informationen, zur Erfassung lokaler Inhalte oder Anpassung an andere Referenzmodelle / Formalismen.",
          "comment" : "Zum Beispiel Informationen zu lokalen Krankenhausabteilungen oder zusätzliche Metadaten zur Übereinstimmung mit FHIR- oder CIMI-Äquivalenten."
        }
      },
      "fi" : {
        "at0000.1" : {
          "@type" : "ARCHETYPE_TERM",
          "code" : "at0000.1",
          "text" : "COVID19 Post Discharge Outcome",
          "description" : "Hoitohenkilön ja terveydenhuollon tarjoajan välinen vuorovaikutus, kontakti- tai hoitotapahtuma."
        },
        "at0000" : {
          "@type" : "ARCHETYPE_TERM",
          "code" : "at0000",
          "text" : "Kontakti",
          "description" : "Hoitohenkilön ja terveydenhuollon tarjoajan välinen vuorovaikutus, kontakti- tai hoitotapahtuma."
        },
        "at0001" : {
          "@type" : "ARCHETYPE_TERM",
          "code" : "at0001",
          "text" : "Tree",
          "description" : "@ internal @"
        },
        "at0002" : {
          "@type" : "ARCHETYPE_TERM",
          "code" : "at0002",
          "text" : "Laajennus",
          "description" : "*Additional information required to capture local context or to align with other reference models/formalisms.(en)",
          "comment" : "*e.g. Local hospital departmental infomation or additional metadata to align with FHIR or CIMI equivalents.(en)"
        },
        "at0002.1" : {
          "@type" : "ARCHETYPE_TERM",
          "code" : "at0002",
          "text" : "Laajennus",
          "description" : "*Additional information required to capture local context or to align with other reference models/formalisms.(en)",
          "comment" : "*e.g. Local hospital departmental infomation or additional metadata to align with FHIR or CIMI equivalents.(en)"
        },
        "at0002.2" : {
          "@type" : "ARCHETYPE_TERM",
          "code" : "at0002",
          "text" : "Laajennus",
          "description" : "*Additional information required to capture local context or to align with other reference models/formalisms.(en)",
          "comment" : "*e.g. Local hospital departmental infomation or additional metadata to align with FHIR or CIMI equivalents.(en)"
        }
      },
      "it" : {
        "at0000.1" : {
          "@type" : "ARCHETYPE_TERM",
          "code" : "at0000.1",
          "text" : "COVID19 Post Discharge Outcome",
          "description" : "Interazione, contatto o evento di cura tra un soggetto di cura e il/i fornitore/i di assistenza sanitaria."
        },
        "at0000" : {
          "@type" : "ARCHETYPE_TERM",
          "code" : "at0000",
          "text" : "Contatto",
          "description" : "Interazione, contatto o evento di cura tra un soggetto di cura e il/i fornitore/i di assistenza sanitaria."
        },
        "at0001" : {
          "@type" : "ARCHETYPE_TERM",
          "code" : "at0001",
          "text" : "Tree",
          "description" : "@ internal @"
        },
        "at0002" : {
          "@type" : "ARCHETYPE_TERM",
          "code" : "at0002",
          "text" : "Estensione",
          "description" : "Informazioni aggiuntive necessarie per catturare il contesto locale o per allinearsi con altri modelli/formalismi di riferimento.",
          "comment" : "e.g. Informazioni sul reparto ospedaliero locale o metadati aggiuntivi da allineare con gli equivalenti FHIR o CIMI."
        },
        "at0002.1" : {
          "@type" : "ARCHETYPE_TERM",
          "code" : "at0002",
          "text" : "Estensione",
          "description" : "Informazioni aggiuntive necessarie per catturare il contesto locale o per allinearsi con altri modelli/formalismi di riferimento.",
          "comment" : "e.g. Informazioni sul reparto ospedaliero locale o metadati aggiuntivi da allineare con gli equivalenti FHIR o CIMI."
        },
        "at0002.2" : {
          "@type" : "ARCHETYPE_TERM",
          "code" : "at0002",
          "text" : "Estensione",
          "description" : "Informazioni aggiuntive necessarie per catturare il contesto locale o per allinearsi con altri modelli/formalismi di riferimento.",
          "comment" : "e.g. Informazioni sul reparto ospedaliero locale o metadati aggiuntivi da allineare con gli equivalenti FHIR o CIMI."
        }
      }
    },
    "termBindings" : { },
    "terminologyExtracts" : { },
    "valueSets" : { }
  },
  "adlVersion" : "1.4",
  "buildUid" : "ed2cc0eb-c508-3e66-a7bc-0e3f3e3f196f",
  "rmName" : "openehr",
  "rmRelease" : "1.0.3",
  "generated" : true,
  "templateId" : "COVID19 Post Discharge Outcome",
  "otherMetaData" : { },
  "templateOverlays" : [ {
    "@type" : "TEMPLATE_OVERLAY",
    "uid" : "c33ee35b-56b6-4426-9ebb-39cf7e8135ed",
    "description" : {
      "@type" : "RESOURCE_DESCRIPTION",
      "originalAuthor" : { },
      "otherContributors" : [ ],
      "ipAcknowledgements" : { },
      "references" : { },
      "conversionDetails" : { },
      "otherDetails" : {
        "PARENT:MD5-CAM-1.0.1" : "46c469498a1b3319dd1b9f7e6029ec25"
      },
      "details" : {
        "en" : {
          "@type" : "RESOURCE_DESCRIPTION_ITEM",
          "language" : {
            "terminologyId" : {
              "value" : "ISO_639-1"
            },
            "codeString" : "en"
          },
          "keywords" : [ ],
          "originalResourceUri" : { },
          "otherDetails" : { }
        }
      }
    },
    "parentArchetypeId" : "openEHR-EHR-EVALUATION.covid19_post_discharge_outcome.v0",
    "differential" : false,
    "archetypeId" : {
      "@type" : "ARCHETYPE_HRID",
      "value" : "openEHR-EHR-EVALUATION.ovl-covid19_post_discharge_outcome-001.v0"
    },
    "definition" : {
      "@type" : "C_COMPLEX_OBJECT",
      "rmTypeName" : "EVALUATION",
      "occurrences" : "1..1",
      "nodeId" : "at0000.1",
      "attributes" : [ {
        "@type" : "C_ATTRIBUTE",
        "rmAttributeName" : "data",
        "existence" : "1..1",
        "children" : [ {
          "@type" : "C_COMPLEX_OBJECT",
          "rmTypeName" : "ITEM_TREE",
          "occurrences" : "1..1",
          "nodeId" : "at0001",
          "attributes" : [ {
            "@type" : "C_ATTRIBUTE",
            "rmAttributeName" : "items",
            "existence" : "0..1",
            "cardinality" : {
              "@type" : "CARDINALITY",
              "interval" : "0..*",
              "ordered" : false,
              "unique" : false
            },
            "children" : [ {
              "@type" : "C_COMPLEX_OBJECT",
              "rmTypeName" : "ELEMENT",
              "occurrences" : "1..1",
              "nodeId" : "at0002",
              "attributes" : [ {
                "@type" : "C_ATTRIBUTE",
                "rmAttributeName" : "value",
                "existence" : "0..1",
                "children" : [ {
                  "@type" : "C_COMPLEX_OBJECT",
                  "rmTypeName" : "DV_CODED_TEXT",
                  "occurrences" : "1..1",
                  "attributes" : [ {
                    "@type" : "C_ATTRIBUTE",
                    "rmAttributeName" : "defining_code",
                    "existence" : "1..1",
                    "children" : [ {
                      "@type" : "C_TERMINOLOGY_CODE",
                      "rmTypeName" : "CODE_PHRASE",
                      "occurrences" : "1..1",
                      "terminologyId" : {
                        "value" : "local"
                      },
                      "constraint" : [ "at0003", "at0004", "at0005" ]
                    } ]
                  } ],
                  "attributeTuples" : [ ]
                } ]
              } ],
              "attributeTuples" : [ ]
            }, {
              "@type" : "C_COMPLEX_OBJECT",
              "rmTypeName" : "CLUSTER",
              "occurrences" : "0..1",
              "nodeId" : "at0006",
              "attributes" : [ {
                "@type" : "C_ATTRIBUTE",
                "rmAttributeName" : "items",
                "existence" : "1..1",
                "cardinality" : {
                  "@type" : "CARDINALITY",
                  "interval" : "1..*",
                  "ordered" : false,
                  "unique" : false
                },
                "children" : [ {
                  "@type" : "C_COMPLEX_OBJECT",
                  "rmTypeName" : "ELEMENT",
                  "occurrences" : "0..1",
                  "nodeId" : "at0009",
                  "attributes" : [ {
                    "@type" : "C_ATTRIBUTE",
                    "rmAttributeName" : "value",
                    "existence" : "0..1",
                    "children" : [ {
                      "@type" : "C_COMPLEX_OBJECT",
                      "rmTypeName" : "DV_CODED_TEXT",
                      "occurrences" : "1..1",
                      "attributes" : [ {
                        "@type" : "C_ATTRIBUTE",
                        "rmAttributeName" : "defining_code",
                        "existence" : "1..1",
                        "children" : [ {
                          "@type" : "C_TERMINOLOGY_CODE",
                          "rmTypeName" : "CODE_PHRASE",
                          "occurrences" : "1..1",
                          "terminologyId" : {
                            "value" : "local"
                          },
                          "constraint" : [ "at0010", "at0011" ]
                        } ]
                      } ],
                      "attributeTuples" : [ ]
                    } ]
                  } ],
                  "attributeTuples" : [ ]
                }, {
                  "@type" : "C_COMPLEX_OBJECT",
                  "rmTypeName" : "ELEMENT",
                  "occurrences" : "0..1",
                  "nodeId" : "at0014",
                  "attributes" : [ {
                    "@type" : "C_ATTRIBUTE",
                    "rmAttributeName" : "value",
                    "existence" : "0..1",
                    "children" : [ {
                      "@type" : "C_COMPLEX_OBJECT",
                      "rmTypeName" : "DV_DATE",
                      "occurrences" : "1..1",
                      "attributes" : [ ],
                      "attributeTuples" : [ ]
                    } ]
                  } ],
                  "attributeTuples" : [ ]
                } ]
              } ],
              "attributeTuples" : [ ]
            }, {
              "@type" : "C_COMPLEX_OBJECT",
              "rmTypeName" : "CLUSTER",
              "occurrences" : "0..1",
              "nodeId" : "at0007",
              "attributes" : [ {
                "@type" : "C_ATTRIBUTE",
                "rmAttributeName" : "items",
                "existence" : "1..1",
                "cardinality" : {
                  "@type" : "CARDINALITY",
                  "interval" : "1..*",
                  "ordered" : false,
                  "unique" : false
                },
                "children" : [ {
                  "@type" : "C_COMPLEX_OBJECT",
                  "rmTypeName" : "ELEMENT",
                  "occurrences" : "0..1",
                  "nodeId" : "at0015",
                  "attributes" : [ {
                    "@type" : "C_ATTRIBUTE",
                    "rmAttributeName" : "value",
                    "existence" : "0..1",
                    "children" : [ {
                      "@type" : "C_COMPLEX_OBJECT",
                      "rmTypeName" : "DV_CODED_TEXT",
                      "occurrences" : "1..1",
                      "attributes" : [ {
                        "@type" : "C_ATTRIBUTE",
                        "rmAttributeName" : "defining_code",
                        "existence" : "1..1",
                        "children" : [ {
                          "@type" : "C_TERMINOLOGY_CODE",
                          "rmTypeName" : "CODE_PHRASE",
                          "occurrences" : "1..1",
                          "terminologyId" : {
                            "value" : "local"
                          },
                          "constraint" : [ "at0016", "at0017" ]
                        } ]
                      } ],
                      "attributeTuples" : [ ]
                    } ]
                  } ],
                  "attributeTuples" : [ ]
                } ]
              } ],
              "attributeTuples" : [ ]
            }, {
              "@type" : "C_COMPLEX_OBJECT",
              "rmTypeName" : "ELEMENT",
              "occurrences" : "0..1",
              "nodeId" : "at0018",
              "attributes" : [ {
                "@type" : "C_ATTRIBUTE",
                "rmAttributeName" : "value",
                "existence" : "0..1",
                "children" : [ {
                  "@type" : "C_COMPLEX_OBJECT",
                  "rmTypeName" : "DV_TEXT",
                  "occurrences" : "1..1",
                  "attributes" : [ ],
                  "attributeTuples" : [ ]
                } ]
              } ],
              "attributeTuples" : [ ]
            } ]
          } ],
          "attributeTuples" : [ ]
        } ]
      } ],
      "attributeTuples" : [ ]
    },
    "terminology" : {
      "@type" : "ARCHETYPE_TERMINOLOGY",
      "conceptCode" : "at0000",
      "termDefinitions" : {
        "en" : {
          "at0000" : {
            "@type" : "ARCHETYPE_TERM",
            "code" : "at0000",
            "text" : "COVID19 Post Discharge Outcome",
            "description" : "COVID19 Post Discharge Outcome"
          },
          "at0001" : {
            "@type" : "ARCHETYPE_TERM",
            "code" : "at0001",
            "text" : "Item tree",
            "description" : "@ internal @"
          },
          "at0002" : {
            "@type" : "ARCHETYPE_TERM",
            "code" : "at0002",
            "text" : "Outcome",
            "description" : "*"
          },
          "at0003" : {
            "@type" : "ARCHETYPE_TERM",
            "code" : "at0003",
            "text" : "Patient Contacted - Remove From List",
            "description" : "*"
          },
          "at0004" : {
            "@type" : "ARCHETYPE_TERM",
            "code" : "at0004",
            "text" : "Unable To Establish Contact",
            "description" : "*"
          },
          "at0005" : {
            "@type" : "ARCHETYPE_TERM",
            "code" : "at0005",
            "text" : "No Contact Required",
            "description" : "*"
          },
          "at0006" : {
            "@type" : "ARCHETYPE_TERM",
            "code" : "at0006",
            "text" : "Unable To Establish Contact - Additional Questions",
            "description" : "*"
          },
          "at0007" : {
            "@type" : "ARCHETYPE_TERM",
            "code" : "at0007",
            "text" : "No Contact Required - Additional Questions",
            "description" : "*"
          },
          "at0009" : {
            "@type" : "ARCHETYPE_TERM",
            "code" : "at0009",
            "text" : "Try Again At A Later Date",
            "description" : "*"
          },
          "at0010" : {
            "@type" : "ARCHETYPE_TERM",
            "code" : "at0010",
            "text" : "Yes",
            "description" : "*"
          },
          "at0011" : {
            "@type" : "ARCHETYPE_TERM",
            "code" : "at0011",
            "text" : "No",
            "description" : "*"
          },
          "at0014" : {
            "@type" : "ARCHETYPE_TERM",
            "code" : "at0014",
            "text" : "Follow Up Date",
            "description" : "*"
          },
          "at0015" : {
            "@type" : "ARCHETYPE_TERM",
            "code" : "at0015",
            "text" : "Reason No Contact Required",
            "description" : "*"
          },
          "at0016" : {
            "@type" : "ARCHETYPE_TERM",
            "code" : "at0016",
            "text" : "Already Contacted/Patient Aware",
            "description" : "*"
          },
          "at0017" : {
            "@type" : "ARCHETYPE_TERM",
            "code" : "at0017",
            "text" : "Other (See Comments)",
            "description" : "*"
          },
          "at0018" : {
            "@type" : "ARCHETYPE_TERM",
            "code" : "at0018",
            "text" : "Comments",
            "description" : "*"
          },
          "at0000.1" : {
            "@type" : "ARCHETYPE_TERM",
            "code" : "at0000",
            "text" : "COVID19 Post Discharge Outcome",
            "description" : "COVID19 Post Discharge Outcome"
          }
        }
      },
      "termBindings" : { },
      "terminologyExtracts" : { },
      "valueSets" : { }
    },
    "adlVersion" : "1.4",
    "buildUid" : "ff326d91-7375-36fc-927a-138fb99a7d27",
    "rmName" : "openehr",
    "rmRelease" : "1.0.3",
    "generated" : true,
    "otherMetaData" : { },
    "originalLanguage" : {
      "terminologyId" : {
        "value" : "ISO_639-1"
      },
      "codeString" : "en"
    },
    "translations" : [ ]
  }, {
    "@type" : "TEMPLATE_OVERLAY",
    "uid" : "cf7a6427-aec1-4fc4-b0b7-d6c70839ba94",
    "description" : {
      "@type" : "RESOURCE_DESCRIPTION",
      "originalAuthor" : { },
      "otherContributors" : [ ],
      "ipAcknowledgements" : { },
      "references" : { },
      "conversionDetails" : { },
      "otherDetails" : {
        "PARENT:MD5-CAM-1.0.1" : "B2538EC96A6545E2E6F04CE532DA36E3"
      },
      "details" : {
        "en" : {
          "@type" : "RESOURCE_DESCRIPTION_ITEM",
          "language" : {
            "terminologyId" : {
              "value" : "ISO_639-1"
            },
            "codeString" : "en"
          },
          "purpose" : "To record additional composition metadata aligned with IHE-XDS which is not already available from the Reference Model COMPOSITION class.",
          "keywords" : [ "Document, metadata", "IHE", "XDS" ],
          "use" : "Use to add IHE-XDS aligned metadata to a COMPOSITION.context, which along with existing COMPOSITION attributes, allows the composition to be registered in an IHE-XDS environment.",
          "copyright" : "©Clinical Models UK",
          "originalResourceUri" : { },
          "otherDetails" : { }
        }
      }
    },
    "parentArchetypeId" : "openEHR-EHR-CLUSTER.xds_metadata.v0",
    "differential" : false,
    "archetypeId" : {
      "@type" : "ARCHETYPE_HRID",
      "value" : "openEHR-EHR-CLUSTER.ovl-xds_metadata-001.v0"
    },
    "definition" : {
      "@type" : "C_COMPLEX_OBJECT",
      "rmTypeName" : "CLUSTER",
      "occurrences" : "1..1",
      "nodeId" : "at0000.1",
      "attributes" : [ {
        "@type" : "C_ATTRIBUTE",
        "rmAttributeName" : "items",
        "existence" : "1..1",
        "cardinality" : {
          "@type" : "CARDINALITY",
          "interval" : "1..*",
          "ordered" : false,
          "unique" : false
        },
        "children" : [ {
          "@type" : "C_COMPLEX_OBJECT",
          "rmTypeName" : "ELEMENT",
          "occurrences" : "0..1",
          "nodeId" : "at0001",
          "attributes" : [ {
            "@type" : "C_ATTRIBUTE",
            "rmAttributeName" : "value",
            "existence" : "0..1",
            "children" : [ {
              "@type" : "C_COMPLEX_OBJECT",
              "rmTypeName" : "DV_TEXT",
              "occurrences" : "1..1",
              "attributes" : [ ],
              "attributeTuples" : [ ]
            } ]
          } ],
          "attributeTuples" : [ ]
        }, {
          "@type" : "C_COMPLEX_OBJECT",
          "rmTypeName" : "ELEMENT",
          "occurrences" : "0..1",
          "nodeId" : "at0002",
          "attributes" : [ {
            "@type" : "C_ATTRIBUTE",
            "rmAttributeName" : "value",
            "existence" : "0..1",
            "children" : [ {
              "@type" : "C_COMPLEX_OBJECT",
              "rmTypeName" : "DV_TEXT",
              "occurrences" : "1..1",
              "attributes" : [ ],
              "attributeTuples" : [ ]
            } ]
          } ],
          "attributeTuples" : [ ]
        }, {
          "@type" : "C_COMPLEX_OBJECT",
          "rmTypeName" : "ELEMENT",
          "occurrences" : "0..1",
          "nodeId" : "at0003",
          "attributes" : [ {
            "@type" : "C_ATTRIBUTE",
            "rmAttributeName" : "value",
            "existence" : "0..1",
            "children" : [ {
              "@type" : "C_COMPLEX_OBJECT",
              "rmTypeName" : "DV_TEXT",
              "occurrences" : "1..1",
              "attributes" : [ ],
              "attributeTuples" : [ ]
            } ]
          } ],
          "attributeTuples" : [ ]
        }, {
          "@type" : "C_COMPLEX_OBJECT",
          "rmTypeName" : "ELEMENT",
          "occurrences" : "0..1",
          "nodeId" : "at0004",
          "attributes" : [ {
            "@type" : "C_ATTRIBUTE",
            "rmAttributeName" : "value",
            "existence" : "0..1",
            "children" : [ {
              "@type" : "C_COMPLEX_OBJECT",
              "rmTypeName" : "DV_TEXT",
              "occurrences" : "1..1",
              "attributes" : [ ],
              "attributeTuples" : [ ]
            } ]
          } ],
          "attributeTuples" : [ ]
        }, {
          "@type" : "C_COMPLEX_OBJECT",
          "rmTypeName" : "ELEMENT",
          "occurrences" : "0..1",
          "nodeId" : "at0007",
          "attributes" : [ {
            "@type" : "C_ATTRIBUTE",
            "rmAttributeName" : "value",
            "existence" : "0..1",
            "children" : [ {
              "@type" : "C_COMPLEX_OBJECT",
              "rmTypeName" : "DV_TEXT",
              "occurrences" : "1..1",
              "attributes" : [ ],
              "attributeTuples" : [ ]
            } ]
          } ],
          "attributeTuples" : [ ]
        }, {
          "@type" : "C_COMPLEX_OBJECT",
          "rmTypeName" : "ELEMENT",
          "occurrences" : "0..1",
          "nodeId" : "at0009",
          "attributes" : [ {
            "@type" : "C_ATTRIBUTE",
            "rmAttributeName" : "value",
            "existence" : "0..1",
            "children" : [ {
              "@type" : "C_COMPLEX_OBJECT",
              "rmTypeName" : "DV_TEXT",
              "occurrences" : "1..1",
              "attributes" : [ ],
              "attributeTuples" : [ ]
            } ]
          } ],
          "attributeTuples" : [ ]
        }, {
          "@type" : "C_COMPLEX_OBJECT",
          "rmTypeName" : "ELEMENT",
          "occurrences" : "0..*",
          "nodeId" : "at0011",
          "attributes" : [ {
            "@type" : "C_ATTRIBUTE",
            "rmAttributeName" : "value",
            "existence" : "0..1",
            "children" : [ {
              "@type" : "C_COMPLEX_OBJECT",
              "rmTypeName" : "DV_TEXT",
              "occurrences" : "1..1",
              "attributes" : [ ],
              "attributeTuples" : [ ]
            } ]
          } ],
          "attributeTuples" : [ ]
        }, {
          "@type" : "C_COMPLEX_OBJECT",
          "rmTypeName" : "ELEMENT",
          "occurrences" : "0..1",
          "nodeId" : "at0010",
          "attributes" : [ {
            "@type" : "C_ATTRIBUTE",
            "rmAttributeName" : "value",
            "existence" : "0..1",
            "children" : [ {
              "@type" : "C_COMPLEX_OBJECT",
              "rmTypeName" : "DV_MULTIMEDIA",
              "occurrences" : "1..1",
              "attributes" : [ {
                "@type" : "C_ATTRIBUTE",
                "rmAttributeName" : "media_type",
                "existence" : "1..1",
                "children" : [ {
                  "@type" : "C_TERMINOLOGY_CODE",
                  "rmTypeName" : "CODE_PHRASE",
                  "occurrences" : "1..1",
                  "terminologyId" : {
                    "value" : "openEHR"
                  },
                  "constraint" : [ "406", "407", "408", "414", "415", "416", "417", "418", "419", "420", "421", "422", "423", "424", "427", "429", "517", "518", "387", "388", "389", "390", "391", "392", "393", "394", "395", "396", "397", "398", "399", "400", "409", "410", "411", "412", "413", "401", "402", "404", "405", "519", "637", "682", "683" ]
                } ]
              } ],
              "attributeTuples" : [ ]
            } ]
          } ],
          "attributeTuples" : [ ]
        } ]
      } ],
      "attributeTuples" : [ ]
    },
    "terminology" : {
      "@type" : "ARCHETYPE_TERMINOLOGY",
      "conceptCode" : "at0000",
      "termDefinitions" : {
        "en" : {
          "at0000" : {
            "@type" : "ARCHETYPE_TERM",
            "code" : "at0000",
            "text" : "XDS Metadata",
            "description" : "Additional composition metadata aligned with IHE-XDS which is not already available from the Reference Model COMPOSITION class."
          },
          "at0001" : {
            "@type" : "ARCHETYPE_TERM",
            "code" : "at0001",
            "text" : "Author specialty",
            "description" : "The speciality of the author/composer of the document."
          },
          "at0002" : {
            "@type" : "ARCHETYPE_TERM",
            "code" : "at0002",
            "text" : "Class code",
            "description" : "A high-level document class code, normally selected from a valueset provided by the IHE-XDS Affinity Domain.",
            "comment" : "For example: Report, Summary, Images, Plan, Patient Preferences, Workflow.\r\nThese codes are specific to an XDS Affinity Domain."
          },
          "at0003" : {
            "@type" : "ARCHETYPE_TERM",
            "code" : "at0003",
            "text" : "Document type",
            "description" : "The code specifying the precise type of document from the user perspective. Normally selected from a valueset provided by the local IHE-XDS Affinity Domain or national standard.",
            "comment" : "for example:  Pulmonary History and Physical, Discharge Summary, Ultrasound Report.\r\nThese codes are specific to an XDS Affinity Domain."
          },
          "at0004" : {
            "@type" : "ARCHETYPE_TERM",
            "code" : "at0004",
            "text" : "Confidentiality code",
            "description" : "A term specifying the level of confidentiality of the XDS Document.",
            "comment" : "Coded text is preferred, normally specific to an XDS Affinity Domain."
          },
          "at0007" : {
            "@type" : "ARCHETYPE_TERM",
            "code" : "at0007",
            "text" : "Health care facility type",
            "description" : "A term defining the healthcare facility type.",
            "comment" : "Coded text is preferred. The codes are specific to an XDS Affinity Domain."
          },
          "at0009" : {
            "@type" : "ARCHETYPE_TERM",
            "code" : "at0009",
            "text" : "Practice setting code",
            "description" : "The code specifying the clinical specialty where the act that resulted in the document was performed.",
            "comment" : "For example: Family Practice, Laboratory, Radiology.\r\nCoded text is preferred, normally specific to an XDS Affinity Domain."
          },
          "at0010" : {
            "@type" : "ARCHETYPE_TERM",
            "code" : "at0010",
            "text" : "Document_media",
            "description" : "Additional metadata about the document itself, including size, url."
          },
          "at0011" : {
            "@type" : "ARCHETYPE_TERM",
            "code" : "at0011",
            "text" : "Event code",
            "description" : "This list of codes represents the main clinical acts.",
            "comment" : "For example: Colonoscopy or appendicectomy."
          },
          "at0000.1" : {
            "@type" : "ARCHETYPE_TERM",
            "code" : "at0000",
            "text" : "XDS Metadata",
            "description" : "Additional composition metadata aligned with IHE-XDS which is not already available from the Reference Model COMPOSITION class."
          }
        }
      },
      "termBindings" : { },
      "terminologyExtracts" : { },
      "valueSets" : { }
    },
    "adlVersion" : "1.4",
    "buildUid" : "5e6379f0-14f8-4d4a-8722-788a72b935b1",
    "rmName" : "openehr",
    "rmRelease" : "1.0.3",
    "generated" : true,
    "otherMetaData" : { },
    "originalLanguage" : {
      "terminologyId" : {
        "value" : "ISO_639-1"
      },
      "codeString" : "en"
    },
    "translations" : [ ]
  }, {
    "@type" : "TEMPLATE_OVERLAY",
    "uid" : "09ac3052-aa61-4fc7-9994-1f708bd395d5",
    "description" : {
      "@type" : "RESOURCE_DESCRIPTION",
      "originalAuthor" : { },
      "otherContributors" : [ ],
      "ipAcknowledgements" : { },
      "references" : { },
      "conversionDetails" : { },
      "otherDetails" : {
        "PARENT:MD5-CAM-1.0.1" : "784613dbf695a01a7e2787d77d6e8203"
      },
      "details" : {
        "en" : {
          "@type" : "RESOURCE_DESCRIPTION_ITEM",
          "language" : {
            "terminologyId" : {
              "value" : "ISO_639-1"
            },
            "codeString" : "en"
          },
          "purpose" : "Register into openEHR composition the encounter context - id, type and reason of encounter. ",
          "keywords" : [ "Encounter, appointment" ],
          "use" : "Demographic mappings are available on the annotations for each archetype attribute.",
          "originalResourceUri" : { },
          "otherDetails" : { }
        }
      }
    },
    "annotations" : {
      "@type" : "RESOURCE_ANNOTATIONS",
      "documentation" : {
        "en" : {
          "/items[at0002]" : {
            "FHIR_mapping" : "Encounter.identifier",
            "HL7v2_mapping" : "PV1.19 "
          },
          "/items[at0001]" : {
            "FHIR_mapping" : "Appointment.identifier",
            "HL7v2_mapping" : "SCH-1 / SCH-2"
          },
          "/items[at0004]" : {
            "FHIR_mapping" : "Encounter.reason",
            "HL7v2_mapping" : "EVN.4 / PV2.3"
          },
          "/items[at0003]" : {
            "FHIR_mapping" : "Encounter.type",
            "HL7v2_mapping" : " PV1.4 / PV1.18"
          }
        }
      }
    },
    "parentArchetypeId" : "openEHR-EHR-CLUSTER.encounter_context.v0",
    "differential" : false,
    "archetypeId" : {
      "@type" : "ARCHETYPE_HRID",
      "value" : "openEHR-EHR-CLUSTER.ovl-encounter_context-001.v0"
    },
    "definition" : {
      "@type" : "C_COMPLEX_OBJECT",
      "rmTypeName" : "CLUSTER",
      "occurrences" : "1..1",
      "nodeId" : "at0000.1",
      "attributes" : [ {
        "@type" : "C_ATTRIBUTE",
        "rmAttributeName" : "items",
        "existence" : "1..1",
        "cardinality" : {
          "@type" : "CARDINALITY",
          "interval" : "1..*",
          "ordered" : false,
          "unique" : false
        },
        "children" : [ {
          "@type" : "C_COMPLEX_OBJECT",
          "rmTypeName" : "ELEMENT",
          "occurrences" : "0..*",
          "nodeId" : "at0002",
          "attributes" : [ {
            "@type" : "C_ATTRIBUTE",
            "rmAttributeName" : "value",
            "existence" : "0..1",
            "children" : [ {
              "@type" : "C_COMPLEX_OBJECT",
              "rmTypeName" : "DV_TEXT",
              "occurrences" : "1..1",
              "attributes" : [ ],
              "attributeTuples" : [ ]
            } ]
          } ],
          "attributeTuples" : [ ]
        }, {
          "@type" : "C_COMPLEX_OBJECT",
          "rmTypeName" : "ELEMENT",
          "occurrences" : "0..*",
          "nodeId" : "at0003",
          "attributes" : [ {
            "@type" : "C_ATTRIBUTE",
            "rmAttributeName" : "value",
            "existence" : "0..1",
            "children" : [ {
              "@type" : "C_COMPLEX_OBJECT",
              "rmTypeName" : "DV_TEXT",
              "occurrences" : "1..1",
              "attributes" : [ ],
              "attributeTuples" : [ ]
            } ]
          } ],
          "attributeTuples" : [ ]
        }, {
          "@type" : "C_COMPLEX_OBJECT",
          "rmTypeName" : "ELEMENT",
          "occurrences" : "0..*",
          "nodeId" : "at0004",
          "attributes" : [ {
            "@type" : "C_ATTRIBUTE",
            "rmAttributeName" : "value",
            "existence" : "0..1",
            "children" : [ {
              "@type" : "C_COMPLEX_OBJECT",
              "rmTypeName" : "DV_TEXT",
              "occurrences" : "1..1",
              "attributes" : [ ],
              "attributeTuples" : [ ]
            } ]
          } ],
          "attributeTuples" : [ ]
        }, {
          "@type" : "C_COMPLEX_OBJECT",
          "rmTypeName" : "ELEMENT",
          "occurrences" : "0..*",
          "nodeId" : "at0001",
          "attributes" : [ {
            "@type" : "C_ATTRIBUTE",
            "rmAttributeName" : "value",
            "existence" : "0..1",
            "children" : [ {
              "@type" : "C_COMPLEX_OBJECT",
              "rmTypeName" : "DV_TEXT",
              "occurrences" : "1..1",
              "attributes" : [ ],
              "attributeTuples" : [ ]
            } ]
          } ],
          "attributeTuples" : [ ]
        } ]
      } ],
      "attributeTuples" : [ ]
    },
    "terminology" : {
      "@type" : "ARCHETYPE_TERMINOLOGY",
      "conceptCode" : "at0000",
      "termDefinitions" : {
        "en" : {
          "at0000" : {
            "@type" : "ARCHETYPE_TERM",
            "code" : "at0000",
            "text" : "Encounter Context",
            "description" : "Provides extra information about the encounter context, regarding the internal cases used at Pathfinder for encounter types and reasons, along with an appointment and encounter id. Terminology should be loaded from the Think!EHR terminology adapter."
          },
          "at0001" : {
            "@type" : "ARCHETYPE_TERM",
            "code" : "at0001",
            "text" : "Appointment id",
            "description" : "Unique identifier for each appointment process.",
            "FHIR_mapping" : "Appointment.identifier",
            "HL7v2_mapping" : "SCH-1 / SCH-2"
          },
          "at0002" : {
            "@type" : "ARCHETYPE_TERM",
            "code" : "at0002",
            "text" : "Encounter id",
            "description" : "Unique identifier for each encounter process.",
            "FHIR_mapping" : "Encounter.identifier",
            "HL7v2_mapping" : "PV1.19 "
          },
          "at0003" : {
            "@type" : "ARCHETYPE_TERM",
            "code" : "at0003",
            "text" : "Encounter type",
            "description" : "Type of encounter, should be provided by terminology server.",
            "FHIR_mapping" : "Encounter.type",
            "HL7v2_mapping" : " PV1.4 / PV1.18"
          },
          "at0004" : {
            "@type" : "ARCHETYPE_TERM",
            "code" : "at0004",
            "text" : "Encounter reason",
            "description" : "Reason for encounter, should be provided by terminology server.",
            "FHIR_mapping" : "Encounter.reason",
            "HL7v2_mapping" : "EVN.4 / PV2.3"
          },
          "at0000.1" : {
            "@type" : "ARCHETYPE_TERM",
            "code" : "at0000",
            "text" : "Encounter Context",
            "description" : "Provides extra information about the encounter context, regarding the internal cases used at Pathfinder for encounter types and reasons, along with an appointment and encounter id. Terminology should be loaded from the Think!EHR terminology adapter."
          }
        }
      },
      "termBindings" : { },
      "terminologyExtracts" : { },
      "valueSets" : { }
    },
    "adlVersion" : "1.4",
    "buildUid" : "7c4e5b92-2c96-4cbb-b575-22126d197b29",
    "rmName" : "openehr",
    "rmRelease" : "1.0.3",
    "generated" : true,
    "otherMetaData" : { },
    "originalLanguage" : {
      "terminologyId" : {
        "value" : "ISO_639-1"
      },
      "codeString" : "en"
    },
    "translations" : [ ]
  } ],
  "originalLanguage" : {
    "terminologyId" : {
      "value" : "ISO_639-1"
    },
    "codeString" : "en"
  },
  "translations" : [ {
    "@type" : "TRANSLATION_DETAILS",
    "language" : {
      "terminologyId" : {
        "value" : "ISO_639-1"
      },
      "codeString" : "de"
    },
    "author" : { },
    "otherDetails" : { }
  }, {
    "@type" : "TRANSLATION_DETAILS",
    "language" : {
      "terminologyId" : {
        "value" : "ISO_639-1"
      },
      "codeString" : "sv"
    },
    "author" : { },
    "otherDetails" : { }
  }, {
    "@type" : "TRANSLATION_DETAILS",
    "language" : {
      "terminologyId" : {
        "value" : "ISO_639-1"
      },
      "codeString" : "fi"
    },
    "author" : { },
    "otherDetails" : { }
  }, {
    "@type" : "TRANSLATION_DETAILS",
    "language" : {
      "terminologyId" : {
        "value" : "ISO_639-1"
      },
      "codeString" : "es-ar"
    },
    "author" : { },
    "otherDetails" : { }
  }, {
    "@type" : "TRANSLATION_DETAILS",
    "language" : {
      "terminologyId" : {
        "value" : "ISO_639-1"
      },
      "codeString" : "ko"
    },
    "author" : { },
    "otherDetails" : { }
  }, {
    "@type" : "TRANSLATION_DETAILS",
    "language" : {
      "terminologyId" : {
        "value" : "ISO_639-1"
      },
      "codeString" : "pt-br"
    },
    "author" : { },
    "otherDetails" : { }
  }, {
    "@type" : "TRANSLATION_DETAILS",
    "language" : {
      "terminologyId" : {
        "value" : "ISO_639-1"
      },
      "codeString" : "ar-sy"
    },
    "author" : { },
    "otherDetails" : { }
  }, {
    "@type" : "TRANSLATION_DETAILS",
    "language" : {
      "terminologyId" : {
        "value" : "ISO_639-1"
      },
      "codeString" : "it"
    },
    "author" : { },
    "otherDetails" : { }
  }, {
    "@type" : "TRANSLATION_DETAILS",
    "language" : {
      "terminologyId" : {
        "value" : "ISO_639-1"
      },
      "codeString" : "es"
    },
    "author" : { },
    "otherDetails" : { }
  }, {
    "@type" : "TRANSLATION_DETAILS",
    "language" : {
      "terminologyId" : {
        "value" : "ISO_639-1"
      },
      "codeString" : "nl"
    },
    "author" : { },
    "otherDetails" : { }
  } ]
}