{
  "@type" : "TEMPLATE",
  "uid" : "2c79ac4b-ed95-4591-a885-0917b4ce8505",
  "description" : {
    "@type" : "RESOURCE_DESCRIPTION",
    "originalAuthor" : {
      "date" : "2020-03-23"
    },
    "otherContributors" : [ ],
    "lifecycleState" : {
      "codeString" : "unmanaged"
    },
    "ipAcknowledgements" : { },
    "references" : { },
    "conversionDetails" : { },
    "otherDetails" : {
      "licence" : "This work is licensed under the Creative Commons Attribution-ShareAlike 4.0 International License. To view a copy of this license, visit http://creativecommons.org/licenses/by-sa/4.0/.",
      "custodian_organisation" : "openEHR Foundation",
      "original_namespace" : "org.openehr",
      "original_publisher" : "openEHR Foundation",
      "custodian_namespace" : "org.openehr",
      "MD5-CAM-1.0.1" : "70f01aa78305b48b036226293a9d960b",
      "PARENT:MD5-CAM-1.0.1" : "706E6DA39FA082EE75E0F0D4E4A87F25"
    },
    "details" : {
      "sv" : {
        "@type" : "RESOURCE_DESCRIPTION_ITEM",
        "language" : {
          "terminologyId" : {
            "value" : "ISO_639-1"
          },
          "codeString" : "sv"
        },
        "keywords" : [ ],
        "originalResourceUri" : { },
        "otherDetails" : { }
      },
      "ko" : {
        "@type" : "RESOURCE_DESCRIPTION_ITEM",
        "language" : {
          "terminologyId" : {
            "value" : "ISO_639-1"
          },
          "codeString" : "ko"
        },
        "keywords" : [ ],
        "originalResourceUri" : { },
        "otherDetails" : { }
      },
      "es-ar" : {
        "@type" : "RESOURCE_DESCRIPTION_ITEM",
        "language" : {
          "terminologyId" : {
            "value" : "ISO_639-1"
          },
          "codeString" : "es-ar"
        },
        "keywords" : [ ],
        "originalResourceUri" : { },
        "otherDetails" : { }
      },
      "pt-br" : {
        "@type" : "RESOURCE_DESCRIPTION_ITEM",
        "language" : {
          "terminologyId" : {
            "value" : "ISO_639-1"
          },
          "codeString" : "pt-br"
        },
        "keywords" : [ ],
        "originalResourceUri" : { },
        "otherDetails" : { }
      },
      "en" : {
        "@type" : "RESOURCE_DESCRIPTION_ITEM",
        "language" : {
          "terminologyId" : {
            "value" : "ISO_639-1"
          },
          "codeString" : "en"
        },
        "keywords" : [ ],
        "originalResourceUri" : { },
        "otherDetails" : { }
      },
      "ar-sy" : {
        "@type" : "RESOURCE_DESCRIPTION_ITEM",
        "language" : {
          "terminologyId" : {
            "value" : "ISO_639-1"
          },
          "codeString" : "ar-sy"
        },
        "keywords" : [ ],
        "originalResourceUri" : { },
        "otherDetails" : { }
      },
      "nl" : {
        "@type" : "RESOURCE_DESCRIPTION_ITEM",
        "language" : {
          "terminologyId" : {
            "value" : "ISO_639-1"
          },
          "codeString" : "nl"
        },
        "keywords" : [ ],
        "originalResourceUri" : { },
        "otherDetails" : { }
      },
      "es" : {
        "@type" : "RESOURCE_DESCRIPTION_ITEM",
        "language" : {
          "terminologyId" : {
            "value" : "ISO_639-1"
          },
          "codeString" : "es"
        },
        "keywords" : [ ],
        "originalResourceUri" : { },
        "otherDetails" : { }
      },
      "de" : {
        "@type" : "RESOURCE_DESCRIPTION_ITEM",
        "language" : {
          "terminologyId" : {
            "value" : "ISO_639-1"
          },
          "codeString" : "de"
        },
        "purpose" : "Dient zur Erfassung der Details auf Dokumentebene einer einzelnen Interaktion, eines Kontaktes oder eines Pflegeereignisses zwischen einer zu pflegenden Person und Gesundheitsdienstleistern für die Bereitstellung von Gesundheitsdienstleistung. Dies kann entweder Angesicht zu Angesicht (Face-to-Face), über Telefon oder ein anderes elektronisches Medium erfolgen.",
        "keywords" : [ "Begegnung", "Kontakt", "Visite", "Pflegeereignis", "Ereignis", "Besuch" ],
        "use" : "Verwendung als generischer Container auf Dokumentebene zum Aufzeichnen von Details einer einzelnen Interaktion, eines Kontakts oder eines Pflegeereignisses zwischen einem Subjekt und einem Gesundheitsdienstleister.\r\nDer Kontakt kann von Angesicht zu Angesicht, über Telefon oder ein anderes elektronisches Medium erfolgen. Die Modalität kann bei Bedarf über das Referenzmodell COMPOSITION / mode Attribut erfasst werden.\r\n\r\nDie Hauptabschnitte / Inhaltskomponente wurde absichtlich nicht stark eingeschränkt. Dies ermöglicht es, diese Composition innerhalb eines Templates mit beliebigen SECTION- oder ENTRY-Archetypen zu füllen, die für den klinischen Zweck geeignet sind.\r\n\r\nAuch wenn sie für den klinischen Inhalt nicht eingeschränkt sind, bietet die Spezifikation von COMPOSITION.Encounter einen signifikanten Wert, da sie eine explizite Abfrage aller Encounter innerhalb einer Patientenakte ermöglicht.\r\n\r\nDie Context-Komponente enthält einen optionalen 'Extension' SLOT, der während des Template-Designs zu verschiedenen Zwecken verwendet werden kann:\r\n- Zum Hinzufügen von optionalen Kontextinformationen, wie Informationen zur Episode \r\n- Zur Vereinheitlichung oder Verknüpfung mit Modellformalismen wie FHIR oder CIMI \r\n\r\nTypische Beispiele sind eine klinische Visite, eine pflegerische Überwachung oder eine telemedizinische Beratung.",
        "misuse" : "Nicht zur Darstellung von Details einer gesamten Behandlungsepisode geeignet.\r\n\r\nNicht zur Darstellung von persistenten, zusammengefassten Patienteninformationen wie eine Problemliste oder eine Medikamentenübersicht geeignet.\r\n\r\nNicht zur Darstellung von Berichten eines Diagnosedienstes, z.B. Bildgebung oder Labortests, geeignet.\r\n\r\nNicht zur Darstellung von der gleichnamige FHIR-Ressource geeignet- dort liegt eine Diskrepanz vor.",
        "originalResourceUri" : { },
        "otherDetails" : { }
      },
      "fi" : {
        "@type" : "RESOURCE_DESCRIPTION_ITEM",
        "language" : {
          "terminologyId" : {
            "value" : "ISO_639-1"
          },
          "codeString" : "fi"
        },
        "purpose" : "*To record the document level details of a single interaction, contact or care event between a subject of care and healthcare provider(s) for the provision of healthcare service(s). This can be either a face-to-face or remote interaction.(en)",
        "keywords" : [ "*encounter(en)", "*contact(en)", "*visit(en)", "*care event(en)" ],
        "use" : "*Use as a generic document-level container for recording details of a single interaction, contact or care event between a subject of care and healthcare provider(s).\r\nThe contact may be face-to-face, via telephone or another electronic medium. Modality can be captured, if required, via the reference model COMPOSITION/mode attribute.\r\n\r\nThe main Sections/Content component has been deliberately left unconstrained. This will allow it to be populated with any SECTION or ENTRY archetypes appropriate for the clinical purpose within a template.\r\n\r\nEven though unconstrained for clinical content, specification of COMPOSITION.Encounter provides significant value by allowing for explicit querying of all Encounters within a patient record.\r\n\r\nThe Context component contains an optional 'Extension' SLOT that can be used in template design to:\r\n- add optional contextual information, such as episode information; or\r\n- allow for harmonisation or alignment with other model formalisms such as FHIR or CIMI, such as explicit representation of participants that are usually managed by the openEHR Reference Model in an openEHR archetype.\r\n\r\nTypical examples are a clinic visit, a nursing observation or a telemedicine consultation.(en)",
        "misuse" : "*Not to be used to record details about an entire episode of care.\r\n\r\nNot to be used to carry persistent, summarised patient information, such as a problem list or medication summary.\r\n\r\nNot to be used to represent the report of a diagnostic service, such as imaging or laboratory testing.\r\n\r\nNot to be used to represent the FHIR resource of the same name - there is a mismatch scope and intent.(en)",
        "originalResourceUri" : { },
        "otherDetails" : { }
      },
      "it" : {
        "@type" : "RESOURCE_DESCRIPTION_ITEM",
        "language" : {
          "terminologyId" : {
            "value" : "ISO_639-1"
          },
          "codeString" : "it"
        },
        "purpose" : "Registrare i dettagli a livello di documento di una singola interazione, contatto o evento di cura tra un soggetto di cura e il/i fornitore/i di assistenza sanitaria per la fornitura di servizi sanitari. Può trattarsi di un'interazione faccia a faccia o a distanza.",
        "keywords" : [ "incontro", "contatto", "visita", "evento di cura" ],
        "use" : "Utilizzare come contenitore generico a livello di documento per registrare i dettagli di una singola interazione, contatto o evento di cura tra un soggetto di cura e il/i fornitore/i di assistenza sanitaria.\r\nIl contatto può avvenire faccia a faccia, per telefono o su un altro mezzo elettronico. La modalità può essere catturata, se necessario, tramite il modello di riferimento COMPOSITION/mode attribute.\r\n\r\nLa principale sezione/componente del contenuto è stata volutamente lasciata libera. Ciò consentirà di popolarla con qualsiasi archetipo di SECTION o ENTRY propriato per lo scopo clinico all'interno di un modello.\r\n\r\nAnche se non è vincolata al contenuto clinico, la specificazione di COMPOSITION.Contatto fornisce un valore significativo, consentendo l'interrogazione esplicita di tutti gli Incontri all'interno della cartella clinica di un paziente.\r\n\r\nIl componente Context contiene un SLOT opzionale 'Extension' SLOT che può essere utilizzato nella progettazione del template per:\r\n- aggiungere informazioni contestuali opzionali, come le informazioni sugli episodi; oppure\r\n- consentire l'armonizzazione o l'allineamento con altri formalismi del modello come FHIR o CIMI, come la rappresentazione esplicita dei partecipanti che sono solitamente gestiti dal modello di riferimento openEHR in un archetipo openEHR.\r\n\r\nEsempi tipici sono una visita in clinica, un'osservazione infermieristica o un consulto di telemedicina.",
        "misuse" : "Da non utilizzare per portare informazioni persistenti e riassunte sui pazienti, come un elenco di problemi o un sommario dei farmaci.\r\n\r\nDa non utilizzare per rappresentare il rapporto di un servizio diagnostico, come l'imaging o gli esami di laboratorio.\r\n\r\nNon deve essere utilizzato per rappresentare l'omonima risorsa FHIR - c'è un disallineamento di scopo e di intenti.",
        "originalResourceUri" : { },
        "otherDetails" : { }
      }
    }
  },
  "parentArchetypeId" : "openEHR-EHR-COMPOSITION.encounter.v1",
  "differential" : true,
  "archetypeId" : {
    "@type" : "ARCHETYPE_HRID",
    "value" : "openEHR-EHR-COMPOSITION.t_encounter.v1"
  },
  "definition" : {
    "@type" : "C_COMPLEX_OBJECT",
    "rmTypeName" : "COMPOSITION",
    "nodeId" : "at0000.1",
    "attributes" : [ {
      "@type" : "C_ATTRIBUTE",
      "rmAttributeName" : "context",
      "children" : [ {
        "@type" : "C_COMPLEX_OBJECT",
        "rmTypeName" : "EVENT_CONTEXT",
        "attributes" : [ {
          "@type" : "C_ATTRIBUTE",
          "rmAttributeName" : "other_context",
          "children" : [ {
            "@type" : "C_COMPLEX_OBJECT",
            "rmTypeName" : "ITEM_TREE",
            "nodeId" : "at0001",
            "attributes" : [ {
              "@type" : "C_ATTRIBUTE",
              "rmAttributeName" : "items",
              "children" : [ {
                "@type" : "C_ARCHETYPE_ROOT",
                "rmTypeName" : "CLUSTER",
                "occurrences" : "0..*",
                "nodeId" : "at0002.1",
                "attributes" : [ ],
                "attributeTuples" : [ ],
                "archetypeRef" : "openEHR-EHR-CLUSTER.ovl-xds_metadata-001.v0",
                "referenceType" : "archetypeOverlay"
              }, {
                "@type" : "C_ARCHETYPE_ROOT",
                "rmTypeName" : "CLUSTER",
                "occurrences" : "0..*",
                "nodeId" : "at0002.2",
                "attributes" : [ ],
                "attributeTuples" : [ ],
                "archetypeRef" : "openEHR-EHR-CLUSTER.ovl-encounter_context-001.v0",
                "referenceType" : "archetypeOverlay"
              } ]
            } ],
            "attributeTuples" : [ ]
          } ]
        } ],
        "attributeTuples" : [ ]
      } ]
    }, {
      "@type" : "C_ATTRIBUTE",
      "rmAttributeName" : "content",
      "existence" : "0..1",
      "cardinality" : {
        "@type" : "CARDINALITY",
        "interval" : "0..*",
        "ordered" : false,
        "unique" : false
      },
      "children" : [ {
        "@type" : "C_ARCHETYPE_ROOT",
        "rmTypeName" : "EVALUATION",
        "occurrences" : "0..1",
        "nodeId" : "at0.2",
        "attributes" : [ ],
        "attributeTuples" : [ ],
        "archetypeRef" : "openEHR-EHR-EVALUATION.ovl-critical_care_pre_referral_information-001.v0",
        "referenceType" : "archetypeOverlay"
      } ]
    } ],
    "attributeTuples" : [ ]
  },
  "terminology" : {
    "@type" : "ARCHETYPE_TERMINOLOGY",
    "conceptCode" : "at0000",
    "termDefinitions" : {
      "ar-sy" : {
        "at0000.1" : {
          "@type" : "ARCHETYPE_TERM",
          "code" : "at0000.1",
          "text" : "Critical Care Pre Referral Information",
          "description" : "*Interaction, contact or care event between a subject of care and healthcare provider(s).(en)"
        }
      },
      "en" : {
        "at0000.1" : {
          "@type" : "ARCHETYPE_TERM",
          "code" : "at0000.1",
          "text" : "Critical Care Pre Referral Information",
          "description" : "Interaction, contact or care event between a subject of care and healthcare provider(s)."
        }
      },
      "es-ar" : {
        "at0000.1" : {
          "@type" : "ARCHETYPE_TERM",
          "code" : "at0000.1",
          "text" : "Critical Care Pre Referral Information",
          "description" : "Interacción, contacto o evento de cuidados entre un sujeto de cuidados y uno o más proveedores de cuidados de la salud."
        }
      },
      "ko" : {
        "at0000.1" : {
          "@type" : "ARCHETYPE_TERM",
          "code" : "at0000.1",
          "text" : "Critical Care Pre Referral Information",
          "description" : "*Interaction, contact or care event between a subject of care and healthcare provider(s).(en)"
        }
      },
      "pt-br" : {
        "at0000.1" : {
          "@type" : "ARCHETYPE_TERM",
          "code" : "at0000.1",
          "text" : "Critical Care Pre Referral Information",
          "description" : "Interação, contato ou cuidado entre o sujeito do cuidado e profissional(is) de saúde."
        }
      },
      "es" : {
        "at0000.1" : {
          "@type" : "ARCHETYPE_TERM",
          "code" : "at0000.1",
          "text" : "Critical Care Pre Referral Information",
          "description" : "Interacción, contacto o evento de cuidado entre un paciente y un proveedor de salud."
        }
      },
      "nl" : {
        "at0000.1" : {
          "@type" : "ARCHETYPE_TERM",
          "code" : "at0000.1",
          "text" : "Critical Care Pre Referral Information",
          "description" : "Interactie, contact of zorggebeurtenis tussen een onderwerp van zorg en zorgverlener(s)."
        }
      },
      "sv" : {
        "at0000.1" : {
          "@type" : "ARCHETYPE_TERM",
          "code" : "at0000.1",
          "text" : "Critical Care Pre Referral Information",
          "description" : "Interaktion, kontakt eller vårdhändelse mellan vårdtagare och vårdgivare inom hälso- och sjukvården."
        }
      },
      "de" : { },
      "fi" : { },
      "it" : { }
    },
    "termBindings" : { },
    "terminologyExtracts" : { },
    "valueSets" : { }
  },
  "adlVersion" : "1.4",
  "buildUid" : "ed2cc0eb-c508-3e66-a7bc-0e3f3e3f196f",
  "rmName" : "openehr",
  "rmRelease" : "1.0.3",
  "generated" : true,
  "templateId" : "Critical Care Pre Referral Information",
  "otherMetaData" : { },
  "templateOverlays" : [ {
    "@type" : "TEMPLATE_OVERLAY",
    "uid" : "0ce2be7d-eb2b-4f97-8044-1f3610c01611",
    "description" : {
      "@type" : "RESOURCE_DESCRIPTION",
      "originalAuthor" : { },
      "otherContributors" : [ ],
      "ipAcknowledgements" : { },
      "references" : { },
      "conversionDetails" : { },
      "otherDetails" : {
        "PARENT:MD5-CAM-1.0.1" : "B2538EC96A6545E2E6F04CE532DA36E3"
      },
      "details" : {
        "en" : {
          "@type" : "RESOURCE_DESCRIPTION_ITEM",
          "language" : {
            "terminologyId" : {
              "value" : "ISO_639-1"
            },
            "codeString" : "en"
          },
          "purpose" : "To record additional composition metadata aligned with IHE-XDS which is not already available from the Reference Model COMPOSITION class.",
          "keywords" : [ "Document, metadata", "IHE", "XDS" ],
          "use" : "Use to add IHE-XDS aligned metadata to a COMPOSITION.context, which along with existing COMPOSITION attributes, allows the composition to be registered in an IHE-XDS environment.",
          "copyright" : "©Clinical Models UK",
          "originalResourceUri" : { },
          "otherDetails" : { }
        }
      }
    },
    "parentArchetypeId" : "openEHR-EHR-CLUSTER.xds_metadata.v0",
    "differential" : true,
    "archetypeId" : {
      "@type" : "ARCHETYPE_HRID",
      "value" : "openEHR-EHR-CLUSTER.ovl-xds_metadata-001.v0"
    },
    "definition" : {
      "@type" : "C_COMPLEX_OBJECT",
      "rmTypeName" : "CLUSTER",
      "nodeId" : "at0000.1",
      "attributes" : [ ],
      "attributeTuples" : [ ]
    },
    "terminology" : {
      "@type" : "ARCHETYPE_TERMINOLOGY",
      "conceptCode" : "at0000",
      "termDefinitions" : {
        "en" : { }
      },
      "termBindings" : { },
      "terminologyExtracts" : { },
      "valueSets" : { }
    },
    "adlVersion" : "1.4",
    "buildUid" : "5e6379f0-14f8-4d4a-8722-788a72b935b1",
    "rmName" : "openehr",
    "rmRelease" : "1.0.3",
    "generated" : true,
    "otherMetaData" : { },
    "originalLanguage" : {
      "terminologyId" : {
        "value" : "ISO_639-1"
      },
      "codeString" : "en"
    },
    "translations" : [ ]
  }, {
    "@type" : "TEMPLATE_OVERLAY",
    "uid" : "9c1c6f66-3f6e-4109-976f-07611b76e737",
    "description" : {
      "@type" : "RESOURCE_DESCRIPTION",
      "originalAuthor" : { },
      "otherContributors" : [ ],
      "ipAcknowledgements" : { },
      "references" : { },
      "conversionDetails" : { },
      "otherDetails" : {
        "PARENT:MD5-CAM-1.0.1" : "784613dbf695a01a7e2787d77d6e8203"
      },
      "details" : {
        "en" : {
          "@type" : "RESOURCE_DESCRIPTION_ITEM",
          "language" : {
            "terminologyId" : {
              "value" : "ISO_639-1"
            },
            "codeString" : "en"
          },
          "purpose" : "Register into openEHR composition the encounter context - id, type and reason of encounter. ",
          "keywords" : [ "Encounter, appointment" ],
          "use" : "Demographic mappings are available on the annotations for each archetype attribute.",
          "originalResourceUri" : { },
          "otherDetails" : { }
        }
      }
    },
    "annotations" : {
      "@type" : "RESOURCE_ANNOTATIONS",
      "documentation" : {
        "en" : {
          "/items[at0002]" : {
            "FHIR_mapping" : "Encounter.identifier",
            "HL7v2_mapping" : "PV1.19 "
          },
          "/items[at0001]" : {
            "FHIR_mapping" : "Appointment.identifier",
            "HL7v2_mapping" : "SCH-1 / SCH-2"
          },
          "/items[at0004]" : {
            "FHIR_mapping" : "Encounter.reason",
            "HL7v2_mapping" : "EVN.4 / PV2.3"
          },
          "/items[at0003]" : {
            "FHIR_mapping" : "Encounter.type",
            "HL7v2_mapping" : " PV1.4 / PV1.18"
          }
        }
      }
    },
    "parentArchetypeId" : "openEHR-EHR-CLUSTER.encounter_context.v0",
    "differential" : true,
    "archetypeId" : {
      "@type" : "ARCHETYPE_HRID",
      "value" : "openEHR-EHR-CLUSTER.ovl-encounter_context-001.v0"
    },
    "definition" : {
      "@type" : "C_COMPLEX_OBJECT",
      "rmTypeName" : "CLUSTER",
      "nodeId" : "at0000.1",
      "attributes" : [ ],
      "attributeTuples" : [ ]
    },
    "terminology" : {
      "@type" : "ARCHETYPE_TERMINOLOGY",
      "conceptCode" : "at0000",
      "termDefinitions" : {
        "en" : { }
      },
      "termBindings" : { },
      "terminologyExtracts" : { },
      "valueSets" : { }
    },
    "adlVersion" : "1.4",
    "buildUid" : "7c4e5b92-2c96-4cbb-b575-22126d197b29",
    "rmName" : "openehr",
    "rmRelease" : "1.0.3",
    "generated" : true,
    "otherMetaData" : { },
    "originalLanguage" : {
      "terminologyId" : {
        "value" : "ISO_639-1"
      },
      "codeString" : "en"
    },
    "translations" : [ ]
  }, {
    "@type" : "TEMPLATE_OVERLAY",
    "uid" : "4d7a6605-79d3-4044-80a4-56807148d841",
    "description" : {
      "@type" : "RESOURCE_DESCRIPTION",
      "originalAuthor" : { },
      "otherContributors" : [ ],
      "ipAcknowledgements" : { },
      "references" : { },
      "conversionDetails" : { },
      "otherDetails" : {
        "PARENT:MD5-CAM-1.0.1" : "cfb7841c424176176c5255475c4e711d"
      },
      "details" : {
        "en" : {
          "@type" : "RESOURCE_DESCRIPTION_ITEM",
          "language" : {
            "terminologyId" : {
              "value" : "ISO_639-1"
            },
            "codeString" : "en"
          },
          "keywords" : [ ],
          "originalResourceUri" : { },
          "otherDetails" : { }
        }
      }
    },
    "parentArchetypeId" : "openEHR-EHR-EVALUATION.critical_care_pre_referral_information.v0",
    "differential" : true,
    "archetypeId" : {
      "@type" : "ARCHETYPE_HRID",
      "value" : "openEHR-EHR-EVALUATION.ovl-critical_care_pre_referral_information-001.v0"
    },
    "definition" : {
      "@type" : "C_COMPLEX_OBJECT",
      "rmTypeName" : "EVALUATION",
      "nodeId" : "at0000.1",
      "attributes" : [ {
        "@type" : "C_ATTRIBUTE",
        "rmAttributeName" : "data",
        "children" : [ {
          "@type" : "C_COMPLEX_OBJECT",
          "rmTypeName" : "ITEM_TREE",
          "nodeId" : "at0001",
          "attributes" : [ {
            "@type" : "C_ATTRIBUTE",
            "rmAttributeName" : "items",
            "children" : [ {
              "@type" : "C_COMPLEX_OBJECT",
              "rmTypeName" : "CLUSTER",
              "nodeId" : "at0019",
              "attributes" : [ {
                "@type" : "C_ATTRIBUTE",
                "rmAttributeName" : "items",
                "children" : [ {
                  "@type" : "C_COMPLEX_OBJECT",
                  "rmTypeName" : "ELEMENT",
                  "nodeId" : "at0020.1",
                  "attributes" : [ {
                    "@type" : "C_ATTRIBUTE",
                    "rmAttributeName" : "value",
                    "children" : [ {
                      "@type" : "C_COMPLEX_OBJECT",
                      "rmTypeName" : "DV_CODED_TEXT",
                      "attributes" : [ {
                        "@type" : "C_ATTRIBUTE",
                        "rmAttributeName" : "defining_code",
                        "children" : [ {
                          "@type" : "C_TERMINOLOGY_CODE",
                          "rmTypeName" : "TERMINOLOGY_CODE",
                          "terminologyId" : {
                            "value" : "snomedct"
                          },
                          "constraint" : [ ],
                          "selectedTerminologies" : [ "snomedct" ],
                          "includedExternalTerminologyCodes" : [ {
                            "terminologyId" : "snomedct",
                            "code" : "46635009",
                            "value" : "Diabetes Type 1"
                          }, {
                            "terminologyId" : "snomedct",
                            "code" : "44054006",
                            "value" : "Diabetes Type 2"
                          }, {
                            "terminologyId" : "snomedct",
                            "code" : "38341003",
                            "value" : "Hypertension"
                          }, {
                            "terminologyId" : "snomedct",
                            "code" : "414545008",
                            "value" : "Ischaemmic Heart Disease"
                          }, {
                            "terminologyId" : "snomedct",
                            "code" : "233928007",
                            "value" : "Cardiac dysfunction"
                          }, {
                            "terminologyId" : "snomedct",
                            "code" : "62914000",
                            "value" : "Cerebrovascular disease"
                          }, {
                            "terminologyId" : "snomedct",
                            "code" : "17097001",
                            "value" : "Chronic Respiratory Disease"
                          }, {
                            "terminologyId" : "snomedct",
                            "code" : "709044004",
                            "value" : "Chronic kidney disease"
                          }, {
                            "terminologyId" : "snomedct",
                            "code" : "235856003",
                            "value" : "Liver Disease"
                          }, {
                            "terminologyId" : "snomedct",
                            "code" : "363346000",
                            "value" : "Malignancy"
                          }, {
                            "terminologyId" : "snomedct",
                            "code" : "74964007",
                            "value" : "Other"
                          } ]
                        } ]
                      } ],
                      "attributeTuples" : [ ]
                    } ]
                  } ],
                  "attributeTuples" : [ ]
                }, {
                  "@type" : "C_COMPLEX_OBJECT",
                  "rmTypeName" : "CLUSTER",
                  "nodeId" : "at0071",
                  "attributes" : [ {
                    "@type" : "C_ATTRIBUTE",
                    "rmAttributeName" : "items",
                    "children" : [ {
                      "@type" : "C_COMPLEX_OBJECT",
                      "rmTypeName" : "ELEMENT",
                      "nodeId" : "at0087.1",
                      "attributes" : [ {
                        "@type" : "C_ATTRIBUTE",
                        "rmAttributeName" : "value",
                        "children" : [ {
                          "@type" : "C_COMPLEX_OBJECT",
                          "rmTypeName" : "DV_CODED_TEXT",
                          "attributes" : [ {
                            "@type" : "C_ATTRIBUTE",
                            "rmAttributeName" : "defining_code",
                            "children" : [ {
                              "@type" : "C_TERMINOLOGY_CODE",
                              "rmTypeName" : "TERMINOLOGY_CODE",
                              "terminologyId" : {
                                "value" : "snomedct"
                              },
                              "constraint" : [ ],
                              "selectedTerminologies" : [ "snomedct" ],
                              "includedExternalTerminologyCodes" : [ {
                                "terminologyId" : "snomedct",
                                "code" : "195967001",
                                "value" : "Asthma"
                              }, {
                                "terminologyId" : "snomedct",
                                "code" : "13645005",
                                "value" : "Chronic obstructive pulmonary disease (COPD)"
                              }, {
                                "terminologyId" : "snomedct",
                                "code" : "233703007",
                                "value" : "Interstitial lung disease (ILD)"
                              }, {
                                "terminologyId" : "snomedct",
                                "code" : "74964007",
                                "value" : "Other"
                              } ]
                            } ]
                          } ],
                          "attributeTuples" : [ ]
                        } ]
                      } ],
                      "attributeTuples" : [ ]
                    } ]
                  } ],
                  "attributeTuples" : [ ]
                } ]
              } ],
              "attributeTuples" : [ ]
            } ]
          } ],
          "attributeTuples" : [ ]
        } ]
      } ],
      "attributeTuples" : [ ]
    },
    "terminology" : {
      "@type" : "ARCHETYPE_TERMINOLOGY",
      "conceptCode" : "at0000",
      "termDefinitions" : {
        "en" : { }
      },
      "termBindings" : { },
      "terminologyExtracts" : { },
      "valueSets" : { }
    },
    "adlVersion" : "1.4",
    "buildUid" : "cfd7a79e-289a-32e6-83eb-a87087abe39d",
    "rmName" : "openehr",
    "rmRelease" : "1.0.3",
    "generated" : true,
    "otherMetaData" : { },
    "originalLanguage" : {
      "terminologyId" : {
        "value" : "ISO_639-1"
      },
      "codeString" : "en"
    },
    "translations" : [ ]
  } ],
  "originalLanguage" : {
    "terminologyId" : {
      "value" : "ISO_639-1"
    },
    "codeString" : "en"
  },
  "translations" : [ {
    "@type" : "TRANSLATION_DETAILS",
    "language" : {
      "terminologyId" : {
        "value" : "ISO_639-1"
      },
      "codeString" : "sv"
    },
    "author" : { },
    "otherDetails" : { }
  }, {
    "@type" : "TRANSLATION_DETAILS",
    "language" : {
      "terminologyId" : {
        "value" : "ISO_639-1"
      },
      "codeString" : "es-ar"
    },
    "author" : { },
    "otherDetails" : { }
  }, {
    "@type" : "TRANSLATION_DETAILS",
    "language" : {
      "terminologyId" : {
        "value" : "ISO_639-1"
      },
      "codeString" : "ko"
    },
    "author" : { },
    "otherDetails" : { }
  }, {
    "@type" : "TRANSLATION_DETAILS",
    "language" : {
      "terminologyId" : {
        "value" : "ISO_639-1"
      },
      "codeString" : "pt-br"
    },
    "author" : { },
    "otherDetails" : { }
  }, {
    "@type" : "TRANSLATION_DETAILS",
    "language" : {
      "terminologyId" : {
        "value" : "ISO_639-1"
      },
      "codeString" : "ar-sy"
    },
    "author" : { },
    "otherDetails" : { }
  }, {
    "@type" : "TRANSLATION_DETAILS",
    "language" : {
      "terminologyId" : {
        "value" : "ISO_639-1"
      },
      "codeString" : "es"
    },
    "author" : { },
    "otherDetails" : { }
  }, {
    "@type" : "TRANSLATION_DETAILS",
    "language" : {
      "terminologyId" : {
        "value" : "ISO_639-1"
      },
      "codeString" : "nl"
    },
    "author" : { },
    "otherDetails" : { }
  }, {
    "@type" : "TRANSLATION_DETAILS",
    "language" : {
      "terminologyId" : {
        "value" : "ISO_639-1"
      },
      "codeString" : "de"
    },
    "author" : {
      "name" : "Anneka Sargeant",
      "organisation" : "Medizinische Informatik, UMG",
      "email" : "anneka.sargeant@med.uni-goettingen.de"
    },
    "otherDetails" : { }
  }, {
    "@type" : "TRANSLATION_DETAILS",
    "language" : {
      "terminologyId" : {
        "value" : "ISO_639-1"
      },
      "codeString" : "fi"
    },
    "author" : { },
    "otherDetails" : { }
  }, {
    "@type" : "TRANSLATION_DETAILS",
    "language" : {
      "terminologyId" : {
        "value" : "ISO_639-1"
      },
      "codeString" : "it"
    },
    "author" : {
      "name" : "Paolo Anedda",
      "organisation" : "Inpeco",
      "email" : "paolo.anedda@inpeco.com"
    },
    "otherDetails" : { }
  } ]
}