{
  "@type" : "TEMPLATE",
  "uid" : "16ae8550-a9de-404a-9679-ad3aa09fd9fd",
  "description" : {
    "@type" : "RESOURCE_DESCRIPTION",
    "originalAuthor" : {
      "date" : "2020-03-26"
    },
    "otherContributors" : [ ],
    "lifecycleState" : {
      "codeString" : "unmanaged"
    },
    "ipAcknowledgements" : { },
    "references" : { },
    "conversionDetails" : { },
    "otherDetails" : {
      "licence" : "This work is licensed under the Creative Commons Attribution-ShareAlike 4.0 International License. To view a copy of this license, visit http://creativecommons.org/licenses/by-sa/4.0/.",
      "custodian_organisation" : "openEHR Foundation",
      "original_namespace" : "org.openehr",
      "original_publisher" : "openEHR Foundation",
      "custodian_namespace" : "org.openehr",
      "PARENT:MD5-CAM-1.0.1" : "706E6DA39FA082EE75E0F0D4E4A87F25"
    },
    "details" : {
      "de" : {
        "@type" : "RESOURCE_DESCRIPTION_ITEM",
        "language" : {
          "terminologyId" : {
            "value" : "ISO_639-1"
          },
          "codeString" : "de"
        },
        "keywords" : [ ],
        "originalResourceUri" : { },
        "otherDetails" : { }
      },
      "fi" : {
        "@type" : "RESOURCE_DESCRIPTION_ITEM",
        "language" : {
          "terminologyId" : {
            "value" : "ISO_639-1"
          },
          "codeString" : "fi"
        },
        "keywords" : [ ],
        "originalResourceUri" : { },
        "otherDetails" : { }
      },
      "sv" : {
        "@type" : "RESOURCE_DESCRIPTION_ITEM",
        "language" : {
          "terminologyId" : {
            "value" : "ISO_639-1"
          },
          "codeString" : "sv"
        },
        "keywords" : [ ],
        "originalResourceUri" : { },
        "otherDetails" : { }
      },
      "ko" : {
        "@type" : "RESOURCE_DESCRIPTION_ITEM",
        "language" : {
          "terminologyId" : {
            "value" : "ISO_639-1"
          },
          "codeString" : "ko"
        },
        "keywords" : [ ],
        "originalResourceUri" : { },
        "otherDetails" : { }
      },
      "es-ar" : {
        "@type" : "RESOURCE_DESCRIPTION_ITEM",
        "language" : {
          "terminologyId" : {
            "value" : "ISO_639-1"
          },
          "codeString" : "es-ar"
        },
        "keywords" : [ ],
        "originalResourceUri" : { },
        "otherDetails" : { }
      },
      "pt-br" : {
        "@type" : "RESOURCE_DESCRIPTION_ITEM",
        "language" : {
          "terminologyId" : {
            "value" : "ISO_639-1"
          },
          "codeString" : "pt-br"
        },
        "keywords" : [ ],
        "originalResourceUri" : { },
        "otherDetails" : { }
      },
      "en" : {
        "@type" : "RESOURCE_DESCRIPTION_ITEM",
        "language" : {
          "terminologyId" : {
            "value" : "ISO_639-1"
          },
          "codeString" : "en"
        },
        "keywords" : [ ],
        "originalResourceUri" : { },
        "otherDetails" : { }
      },
      "ar-sy" : {
        "@type" : "RESOURCE_DESCRIPTION_ITEM",
        "language" : {
          "terminologyId" : {
            "value" : "ISO_639-1"
          },
          "codeString" : "ar-sy"
        },
        "keywords" : [ ],
        "originalResourceUri" : { },
        "otherDetails" : { }
      },
      "it" : {
        "@type" : "RESOURCE_DESCRIPTION_ITEM",
        "language" : {
          "terminologyId" : {
            "value" : "ISO_639-1"
          },
          "codeString" : "it"
        },
        "keywords" : [ ],
        "originalResourceUri" : { },
        "otherDetails" : { }
      },
      "nl" : {
        "@type" : "RESOURCE_DESCRIPTION_ITEM",
        "language" : {
          "terminologyId" : {
            "value" : "ISO_639-1"
          },
          "codeString" : "nl"
        },
        "keywords" : [ ],
        "originalResourceUri" : { },
        "otherDetails" : { }
      },
      "es" : {
        "@type" : "RESOURCE_DESCRIPTION_ITEM",
        "language" : {
          "terminologyId" : {
            "value" : "ISO_639-1"
          },
          "codeString" : "es"
        },
        "keywords" : [ ],
        "originalResourceUri" : { },
        "otherDetails" : { }
      }
    }
  },
  "parentArchetypeId" : "openEHR-EHR-COMPOSITION.encounter.v1",
  "differential" : true,
  "archetypeId" : {
    "@type" : "ARCHETYPE_HRID",
    "value" : "openEHR-EHR-COMPOSITION.encounter.v1"
  },
  "definition" : {
    "@type" : "C_COMPLEX_OBJECT",
    "rmTypeName" : "COMPOSITION",
    "nodeId" : "at0000.1",
    "attributes" : [ {
      "@type" : "C_ATTRIBUTE",
      "rmAttributeName" : "context",
      "children" : [ {
        "@type" : "C_COMPLEX_OBJECT",
        "rmTypeName" : "EVENT_CONTEXT",
        "attributes" : [ {
          "@type" : "C_ATTRIBUTE",
          "rmAttributeName" : "other_context",
          "children" : [ {
            "@type" : "C_COMPLEX_OBJECT",
            "rmTypeName" : "ITEM_TREE",
            "nodeId" : "at0001",
            "attributes" : [ {
              "@type" : "C_ATTRIBUTE",
              "rmAttributeName" : "items",
              "children" : [ {
                "@type" : "C_ARCHETYPE_ROOT",
                "rmTypeName" : "CLUSTER",
                "occurrences" : "0..*",
                "nodeId" : "at0002.1",
                "attributes" : [ ],
                "attributeTuples" : [ ],
                "archetypeRef" : "openEHR-EHR-CLUSTER.ovl-xds_metadata-001.v0",
                "referenceType" : "archetypeOverlay"
              }, {
                "@type" : "C_ARCHETYPE_ROOT",
                "rmTypeName" : "CLUSTER",
                "occurrences" : "0..*",
                "nodeId" : "at0002.2",
                "attributes" : [ ],
                "attributeTuples" : [ ],
                "archetypeRef" : "openEHR-EHR-CLUSTER.ovl-encounter_context-001.v0",
                "referenceType" : "archetypeOverlay"
              } ]
            } ],
            "attributeTuples" : [ ]
          } ]
        } ],
        "attributeTuples" : [ ]
      } ]
    }, {
      "@type" : "C_ATTRIBUTE",
      "rmAttributeName" : "content",
      "existence" : "0..1",
      "cardinality" : {
        "@type" : "CARDINALITY",
        "interval" : "0..*",
        "ordered" : false,
        "unique" : false
      },
      "children" : [ {
        "@type" : "C_ARCHETYPE_ROOT",
        "rmTypeName" : "EVALUATION",
        "occurrences" : "0..1",
        "nodeId" : "at0.2",
        "attributes" : [ ],
        "attributeTuples" : [ ],
        "archetypeRef" : "openEHR-EHR-EVALUATION.ovl-covid19_ward_patient_checklist-001.v0",
        "referenceType" : "archetypeOverlay"
      } ]
    } ],
    "attributeTuples" : [ ]
  },
  "terminology" : {
    "@type" : "ARCHETYPE_TERMINOLOGY",
    "conceptCode" : "at0000",
    "termDefinitions" : {
      "ar-sy" : {
        "at0000.1" : {
          "@type" : "ARCHETYPE_TERM",
          "code" : "at0000.1",
          "text" : "COVID19 Ward Patient Checklist",
          "description" : "*Interaction, contact or care event between a subject of care and healthcare provider(s).(en)"
        }
      },
      "en" : {
        "at0000.1" : {
          "@type" : "ARCHETYPE_TERM",
          "code" : "at0000.1",
          "text" : "COVID19 Ward Patient Checklist",
          "description" : "Interaction, contact or care event between a subject of care and healthcare provider(s)."
        }
      },
      "es-ar" : {
        "at0000.1" : {
          "@type" : "ARCHETYPE_TERM",
          "code" : "at0000.1",
          "text" : "COVID19 Ward Patient Checklist",
          "description" : "Interacción, contacto o evento de cuidados entre un sujeto de cuidados y uno o más proveedores de cuidados de la salud."
        }
      },
      "ko" : {
        "at0000.1" : {
          "@type" : "ARCHETYPE_TERM",
          "code" : "at0000.1",
          "text" : "COVID19 Ward Patient Checklist",
          "description" : "*Interaction, contact or care event between a subject of care and healthcare provider(s).(en)"
        }
      },
      "pt-br" : {
        "at0000.1" : {
          "@type" : "ARCHETYPE_TERM",
          "code" : "at0000.1",
          "text" : "COVID19 Ward Patient Checklist",
          "description" : "Interação, contato ou cuidado entre o sujeito do cuidado e profissional(is) de saúde."
        }
      },
      "es" : {
        "at0000.1" : {
          "@type" : "ARCHETYPE_TERM",
          "code" : "at0000.1",
          "text" : "COVID19 Ward Patient Checklist",
          "description" : "Interacción, contacto o evento de cuidado entre un paciente y un proveedor de salud."
        }
      },
      "nl" : {
        "at0000.1" : {
          "@type" : "ARCHETYPE_TERM",
          "code" : "at0000.1",
          "text" : "COVID19 Ward Patient Checklist",
          "description" : "Interactie, contact of zorggebeurtenis tussen een onderwerp van zorg en zorgverlener(s)."
        }
      },
      "sv" : {
        "at0000.1" : {
          "@type" : "ARCHETYPE_TERM",
          "code" : "at0000.1",
          "text" : "COVID19 Ward Patient Checklist",
          "description" : "Interaktion, kontakt eller vårdhändelse mellan vårdtagare och vårdgivare inom hälso- och sjukvården."
        }
      },
      "de" : {
        "at0000.1" : {
          "@type" : "ARCHETYPE_TERM",
          "code" : "at0000.1",
          "text" : "COVID19 Ward Patient Checklist",
          "description" : "Interaktion, Kontakt oder Versorgungsereignis, zwischen einem Versorgungsempfänger und einem Gesundheitsdienstleister."
        }
      },
      "fi" : {
        "at0000.1" : {
          "@type" : "ARCHETYPE_TERM",
          "code" : "at0000.1",
          "text" : "COVID19 Ward Patient Checklist",
          "description" : "Hoitohenkilön ja terveydenhuollon tarjoajan välinen vuorovaikutus, kontakti- tai hoitotapahtuma."
        }
      },
      "it" : {
        "at0000.1" : {
          "@type" : "ARCHETYPE_TERM",
          "code" : "at0000.1",
          "text" : "COVID19 Ward Patient Checklist",
          "description" : "Interazione, contatto o evento di cura tra un soggetto di cura e il/i fornitore/i di assistenza sanitaria."
        }
      }
    },
    "termBindings" : { },
    "terminologyExtracts" : { },
    "valueSets" : { }
  },
  "adlVersion" : "1.4",
  "buildUid" : "a25deeff-00a9-456d-9e52-83e206b2d5d7",
  "rmName" : "openehr",
  "rmRelease" : "1.0.3",
  "generated" : true,
  "templateId" : "COVID19 Ward Patient Checklist",
  "otherMetaData" : { },
  "templateOverlays" : [ {
    "@type" : "TEMPLATE_OVERLAY",
    "uid" : "e68994d3-ff4a-451a-8664-3abf9abb4c41",
    "description" : {
      "@type" : "RESOURCE_DESCRIPTION",
      "originalAuthor" : { },
      "otherContributors" : [ ],
      "ipAcknowledgements" : { },
      "references" : { },
      "conversionDetails" : { },
      "otherDetails" : {
        "PARENT:MD5-CAM-1.0.1" : "B2538EC96A6545E2E6F04CE532DA36E3"
      },
      "details" : { }
    },
    "parentArchetypeId" : "openEHR-EHR-CLUSTER.xds_metadata.v0",
    "differential" : true,
    "archetypeId" : {
      "@type" : "ARCHETYPE_HRID",
      "value" : "openEHR-EHR-CLUSTER.ovl-xds_metadata-001.v0"
    },
    "definition" : {
      "@type" : "C_COMPLEX_OBJECT",
      "rmTypeName" : "CLUSTER",
      "nodeId" : "at0000.1",
      "attributes" : [ ],
      "attributeTuples" : [ ]
    },
    "terminology" : {
      "@type" : "ARCHETYPE_TERMINOLOGY",
      "conceptCode" : "at0000",
      "termDefinitions" : {
        "en" : { }
      },
      "termBindings" : { },
      "terminologyExtracts" : { },
      "valueSets" : { }
    },
    "adlVersion" : "1.4",
    "buildUid" : "5e6379f0-14f8-4d4a-8722-788a72b935b1",
    "rmName" : "openehr",
    "rmRelease" : "1.0.3",
    "generated" : true,
    "otherMetaData" : { },
    "originalLanguage" : {
      "terminologyId" : {
        "value" : "ISO_639-1"
      },
      "codeString" : "en"
    },
    "translations" : [ ]
  }, {
    "@type" : "TEMPLATE_OVERLAY",
    "uid" : "2a9f30a0-9448-4ae5-828c-1c8492adb05a",
    "description" : {
      "@type" : "RESOURCE_DESCRIPTION",
      "originalAuthor" : { },
      "otherContributors" : [ ],
      "ipAcknowledgements" : { },
      "references" : { },
      "conversionDetails" : { },
      "otherDetails" : {
        "PARENT:MD5-CAM-1.0.1" : "784613dbf695a01a7e2787d77d6e8203"
      },
      "details" : { }
    },
    "annotations" : {
      "@type" : "RESOURCE_ANNOTATIONS",
      "documentation" : {
        "en" : {
          "/items[at0002]" : {
            "FHIR_mapping" : "Encounter.identifier",
            "HL7v2_mapping" : "PV1.19 "
          },
          "/items[at0001]" : {
            "FHIR_mapping" : "Appointment.identifier",
            "HL7v2_mapping" : "SCH-1 / SCH-2"
          },
          "/items[at0004]" : {
            "FHIR_mapping" : "Encounter.reason",
            "HL7v2_mapping" : "EVN.4 / PV2.3"
          },
          "/items[at0003]" : {
            "FHIR_mapping" : "Encounter.type",
            "HL7v2_mapping" : " PV1.4 / PV1.18"
          }
        }
      }
    },
    "parentArchetypeId" : "openEHR-EHR-CLUSTER.encounter_context.v0",
    "differential" : true,
    "archetypeId" : {
      "@type" : "ARCHETYPE_HRID",
      "value" : "openEHR-EHR-CLUSTER.ovl-encounter_context-001.v0"
    },
    "definition" : {
      "@type" : "C_COMPLEX_OBJECT",
      "rmTypeName" : "CLUSTER",
      "nodeId" : "at0000.1",
      "attributes" : [ ],
      "attributeTuples" : [ ]
    },
    "terminology" : {
      "@type" : "ARCHETYPE_TERMINOLOGY",
      "conceptCode" : "at0000",
      "termDefinitions" : {
        "en" : { }
      },
      "termBindings" : { },
      "terminologyExtracts" : { },
      "valueSets" : { }
    },
    "adlVersion" : "1.4",
    "buildUid" : "7c4e5b92-2c96-4cbb-b575-22126d197b29",
    "rmName" : "openehr",
    "rmRelease" : "1.0.3",
    "generated" : true,
    "otherMetaData" : { },
    "originalLanguage" : {
      "terminologyId" : {
        "value" : "ISO_639-1"
      },
      "codeString" : "en"
    },
    "translations" : [ ]
  }, {
    "@type" : "TEMPLATE_OVERLAY",
    "uid" : "b25f1a3f-324c-4c94-be6b-1353768eefb9",
    "description" : {
      "@type" : "RESOURCE_DESCRIPTION",
      "originalAuthor" : { },
      "otherContributors" : [ ],
      "ipAcknowledgements" : { },
      "references" : { },
      "conversionDetails" : { },
      "otherDetails" : {
        "PARENT:MD5-CAM-1.0.1" : "e5aaf195c9d3ad2cb80015f0e89a46e2"
      },
      "details" : { }
    },
    "parentArchetypeId" : "openEHR-EHR-EVALUATION.covid19_ward_patient_checklist.v0",
    "differential" : true,
    "archetypeId" : {
      "@type" : "ARCHETYPE_HRID",
      "value" : "openEHR-EHR-EVALUATION.ovl-covid19_ward_patient_checklist-001.v0"
    },
    "definition" : {
      "@type" : "C_COMPLEX_OBJECT",
      "rmTypeName" : "EVALUATION",
      "nodeId" : "at0000.1",
      "attributes" : [ {
        "@type" : "C_ATTRIBUTE",
        "rmAttributeName" : "data",
        "children" : [ {
          "@type" : "C_COMPLEX_OBJECT",
          "rmTypeName" : "ITEM_TREE",
          "nodeId" : "at0001",
          "attributes" : [ {
            "@type" : "C_ATTRIBUTE",
            "rmAttributeName" : "items",
            "children" : [ {
              "@type" : "C_COMPLEX_OBJECT",
              "rmTypeName" : "CLUSTER",
              "nodeId" : "at0006",
              "attributes" : [ {
                "@type" : "C_ATTRIBUTE",
                "rmAttributeName" : "items",
                "children" : [ {
                  "@type" : "C_COMPLEX_OBJECT",
                  "rmTypeName" : "ELEMENT",
                  "occurrences" : "1..1",
                  "nodeId" : "at0007",
                  "attributes" : [ ],
                  "attributeTuples" : [ ]
                }, {
                  "@type" : "C_COMPLEX_OBJECT",
                  "rmTypeName" : "ELEMENT",
                  "occurrences" : "1..1",
                  "nodeId" : "at0008",
                  "attributes" : [ ],
                  "attributeTuples" : [ ]
                } ]
              } ],
              "attributeTuples" : [ ]
            } ]
          } ],
          "attributeTuples" : [ ]
        } ]
      } ],
      "attributeTuples" : [ ]
    },
    "terminology" : {
      "@type" : "ARCHETYPE_TERMINOLOGY",
      "conceptCode" : "at0000",
      "termDefinitions" : {
        "en" : { }
      },
      "termBindings" : { },
      "terminologyExtracts" : { },
      "valueSets" : { }
    },
    "adlVersion" : "1.4",
    "buildUid" : "bcc6d5bf-03ad-3720-bf72-a7b32effcdc8",
    "rmName" : "openehr",
    "rmRelease" : "1.0.3",
    "generated" : true,
    "otherMetaData" : { },
    "originalLanguage" : {
      "terminologyId" : {
        "value" : "ISO_639-1"
      },
      "codeString" : "en"
    },
    "translations" : [ ]
  } ],
  "originalLanguage" : {
    "terminologyId" : {
      "value" : "ISO_639-1"
    },
    "codeString" : "en"
  },
  "translations" : [ {
    "@type" : "TRANSLATION_DETAILS",
    "language" : {
      "terminologyId" : {
        "value" : "ISO_639-1"
      },
      "codeString" : "de"
    },
    "author" : { },
    "otherDetails" : { }
  }, {
    "@type" : "TRANSLATION_DETAILS",
    "language" : {
      "terminologyId" : {
        "value" : "ISO_639-1"
      },
      "codeString" : "sv"
    },
    "author" : { },
    "otherDetails" : { }
  }, {
    "@type" : "TRANSLATION_DETAILS",
    "language" : {
      "terminologyId" : {
        "value" : "ISO_639-1"
      },
      "codeString" : "fi"
    },
    "author" : { },
    "otherDetails" : { }
  }, {
    "@type" : "TRANSLATION_DETAILS",
    "language" : {
      "terminologyId" : {
        "value" : "ISO_639-1"
      },
      "codeString" : "es-ar"
    },
    "author" : { },
    "otherDetails" : { }
  }, {
    "@type" : "TRANSLATION_DETAILS",
    "language" : {
      "terminologyId" : {
        "value" : "ISO_639-1"
      },
      "codeString" : "ko"
    },
    "author" : { },
    "otherDetails" : { }
  }, {
    "@type" : "TRANSLATION_DETAILS",
    "language" : {
      "terminologyId" : {
        "value" : "ISO_639-1"
      },
      "codeString" : "pt-br"
    },
    "author" : { },
    "otherDetails" : { }
  }, {
    "@type" : "TRANSLATION_DETAILS",
    "language" : {
      "terminologyId" : {
        "value" : "ISO_639-1"
      },
      "codeString" : "ar-sy"
    },
    "author" : { },
    "otherDetails" : { }
  }, {
    "@type" : "TRANSLATION_DETAILS",
    "language" : {
      "terminologyId" : {
        "value" : "ISO_639-1"
      },
      "codeString" : "it"
    },
    "author" : { },
    "otherDetails" : { }
  }, {
    "@type" : "TRANSLATION_DETAILS",
    "language" : {
      "terminologyId" : {
        "value" : "ISO_639-1"
      },
      "codeString" : "es"
    },
    "author" : { },
    "otherDetails" : { }
  }, {
    "@type" : "TRANSLATION_DETAILS",
    "language" : {
      "terminologyId" : {
        "value" : "ISO_639-1"
      },
      "codeString" : "nl"
    },
    "author" : { },
    "otherDetails" : { }
  } ]
}